,会社名,求人タイトル,項目C
0,UTエイム株式会社 | 【東証1部上場グループの安定基盤】条件重視の方はぜひ！,月収42万円以上も可能【検品検査スタッフ】未経験歓迎！転勤なし 正社員,
1,ソフトバンク営業職合同募集 | 【条件満たす方全員、電話面談確約】,ソフトバンクの【法人営業】未経験OK★高卒以上★35歳以下 正社員,
2,株式会社TCG | 【前職給与保証！働く時間は12～18時の6時間！】土日休み選択可,平均年収834万円【営業】★1/3の社員が社長より給与も休みも多い 正社員,
3,株式会社ワールドコーポレーション | 【Nareru Group】設立以来、右肩上がりに成長中！賞与年2回,未経験から育てる【空間ディレクター】※各種手当充実／土日祝休 正社員,
4,株式会社キージェント | 該当者全員と面接します★WEB面接もOK★年間休日120日,【総合職】★未経験歓迎★残業ほぼナシ★現在約80％が20～30代！ 正社員,
5,UTエイム株式会社 | 【東証一部上場グループ】★WEB面接OK／今月入社も可能,未経験・第二新卒OK【総合職(組立・検品等)】★月収42万円以上可 正社員,
6,株式会社そら | 『Dr.stretch』＼過去最高収益／#昇給年4回 #賞与2回 #転勤なし,【ストレッチトレーナー】”人生が変わった”そんな先輩が多数！ 正社員,
7,DSP株式会社 | 【完全週休2日】【年間休日115日～120日】【産休育休実績あり】,未経験歓迎！WEB集客の【プランナー】★土日祝休★残業ほぼなし 正社員,
8,株式会社PGSホーム | 月給40万～(2カ月間)｜入社祝金最大138万｜転勤＆休日出勤なし,【アポインター営業】リサーチャー(市場調査)★残業ほぼなし 正社員,
9,株式会社アイエスエフネット | ★在宅勤務OK★受賞歴45個★平均残業7.8h★インセンMAX60％,(入社時)年収750万円⇒864万円にUP実績有【インフラエンジニア】 正社員,
10,UTエイム株式会社 | 【東証一部上場グループ】★完全週休2日制・年休199日以上も可能,【検査・実験評価スタッフ】月収42万円以上も可能！★未経験歓迎 正社員,
11,シェアクレスト株式会社 | 前給考慮/土日祝休み/フレックス制あり/コロナ前→残業月平均4H,【ITエンジニア】*年休127日~ *現在は残業ゼロ *フルリモートOK 正社員,
12,マルデナポリジャパン株式会社 | 100店舗チャレンジ始動★新ポストもあり未経験者もチャンス十分,★選べる働き方★有名イタリアンの【店長・SV候補】*全国募集 正社員,
13,株式会社アイエスエフネット | ★在宅勤務OK★完全週休2日★平均残業7.8h★インセンMAX60％,月35万～【ITエンジニア】★有給消化81％★受賞歴45個／学歴不問 正社員,
14,株式会社メイテック | 東証一部上場／ロボットや医療用機器などの最先端・先行開発等,【設計エンジニア(ロボット)】40歳平均年収715万円/定着率約95% 正社員,
15,株式会社ワークナビ | [コロナ禍でも、絶好調！]■2022年ベストベンチャー100に選出！,営業未経験でも月給30万円スタート！【人材コーディネーター】 正社員,
16,株式会社アイエスエフネット | ★在宅勤務OK★受賞歴45個★平均残業7.8h★インセンMAX60％,微経験(入社時)から年276万円UP実績有【ITエンジニア】高卒以上 正社員,
17,株式会社リンクスタッフグループ | ★コロナ禍でも昨対150％成長★年末報奨金制度・各種手当が充実,【人材コーディネーター】★20代中心★完全週休2日★年休120日～ 正社員,
18,株式会社修優舘 | あなたの経験と能力を満足のいく給与に変えてみませんか？,2人に1人が年収700万円超【講師・教室運営】※完全週休2日制も可 正社員,
19,株式会社オスティナートハウジング | 読みやすく、分かりやすいよう「Q&A形式」の求人にしています！,未経験から成長できる【営業スタッフ】⇒よくある質問総まとめ！ 正社員,
20,株式会社ネクステージ | 【VWやAudiなどの正規ディーラーを展開】★営業利益前年比200%UP,正規ディーラーで活躍！【セールススタッフ】★平均年収740万円 正社員,
21,ソフトバンク営業職合同募集 | 【条件満たす方全員、電話面談確約】,ソフトバンクの【法人営業】社会人経験必須◎販売/接客経験歓迎 正社員,
22,UTエイム株式会社 | 【東証一部上場グループ】完全週休2日制・平均月収30万円,未経験歓迎！半導体装置の【点検保守】☆年収700万円以上も可 正社員,
23,株式会社PGSホーム | 残業ほぼなし｜年収1000万超も可能｜40代の未経験者も活躍中！,未経験OK！月給40万円～(2か月間)【＜住宅ペイント＞訪問営業】 正社員,
24,株式会社九州エネコ | 《年収例／3年目 880万円／3年目 738万円／6年目 1421万円》,★年休120日以上/完休2日制/転勤なし/社員寮あり★【企画営業】 正社員,
25,株式会社アーネストワン | 東証一部上場グループ/2年目年収800万円超も可/スピード昇格多数,戸建住宅の【施工管理】初年度想定年収442万円/利益率前年比150% 正社員,
26,株式会社ワールドコーポレーション | 【Nareru Group】設立以来、右肩上がりに成長中！賞与年2回,街づくりの【企画補助スタッフ】未経験歓迎／土日祝休※全国募集 正社員,
27,株式会社ワールドコーポレーション | 【Nareru Group】設立以来、右肩上がりに成長中！賞与年2回,【プロジェクトサポート】※首都圏限定※未経験歓迎・男性活躍中 正社員,
28,東京セキスイファミエス株式会社 | 《セキスイハイムグループ》コロナ禍も黒字経営継続の安定企業,未経験歓迎！【リフォームコーディネーター】◎完全週休二日制 正社員,
29,UTエイム株式会社 | 【東証一部上場グループ】★安定基盤,シンプルワーク中心【軽作業スタッフ(梱包・検品等)】未経験OK！ 正社員,
30,株式会社クロスオン | 土日祝休み｜残業少なめ｜転勤なし｜年収1000万円も目指せる環境,★食料品の総合商社で活躍★【営業職】賞与年3回｜年休124日以上 正社員,
31,DSP株式会社 | 入社半年で月収100万円以上の社員多数/大阪府緊急雇用対策に賛同,アニメやスポーツ番組の【反響営業】完全週休2日★学歴不問！ 正社員,
32,株式会社ビッグモーター | ◎未経験歓迎◎希望エリアで働ける◎資格手当（最大12万円）,1年目で月収42万の実績！年収&家族との時間倍増【自動車整備士】 正社員,
33,株式会社MTGプロフェッショナル | 固定月給26万円スタート／賞与実績最大280万円(年間),未経験OK★”SIXPAD”の【 販促スタッフ 】★評価・昇格制度充実 正社員,
34,株式会社PGSホーム | 入社祝金最大138万円支給｜残業ほぼなし｜年収1000万超も可能,月給40万～(2カ月間)！キャリアアップを目指せる【営業総合職】 正社員,
35,ソフトバンク営業職合同募集 | 【条件満たす方全員、電話面談確約】,35歳以下★ソフトバンクの【法人営業】学歴不問★未経験OK 正社員,
36,ホームトレードセンター株式会社 | 【東証一部上場／飯田グループホールディングス】,【不動産仲介の営業スタッフ】★完全週休2日 ★平均年収750万円 正社員,
37,"株式会社フレックス | 【大阪ガスグループ】八尾,東大阪,大東,吹田,奈良の募集",土日祝休【ライフアドバイザー】※大阪・奈良限定募集／転勤なし 正社員,
38,株式会社アール・エム | 【大阪府緊急雇用対策に賛同】35歳以下の方は全員面接します！,早期成長で未経験から月収100万超も可能★【WEBの提案営業】 正社員,
39,株式会社こども総合研究所 | ＜教育×IT(AI・ビッグデータ)／年休125日／残業ほぼゼロ＞,【100%自社内開発エンジニア】★前職給与以上を確約します★ 正社員,
40,株式会社テクノプロ・コンストラクション | 業界売上No.1【東証一部上場テクノプログループ】,未経験歓迎【事務スタッフ(書類作成/写真撮影等)】★土日祝休み 正社員,
41,株式会社フレックス | 【黒字経営継続中／大阪ガスグループ】転勤なし／残業少なめ,土日祝休み！【ライフアドバイザー】※東大阪・大東限定募集 正社員,
42,日研トータルソーシング株式会社 | ◆40代・50代多数活躍中◆年休最大160日◆残業ほぼなし,面接1回★【アシスタントスタッフ(製造工程の管理・フォロー)】 正社員,
43,DSP株式会社 | 初年度年収450万円以上可/産休育休有/大阪府緊急雇用対策に賛同,【総合職(営業/広報/人事/総務など)】やりたいことが見つかる♪ 正社員,
44,日本交通株式会社 | ★新木場営業所限定募集★入社祝い金20万円／充実の研修で安心,未経験OK！【タクシードライバー】★賞与年3回★土日休みも可能 正社員,
45,株式会社ワールドインテック | 東証一部上場グループ企業◆土日休み◆寮費無料・初期費用なし,未経験歓迎【シャトレーゼのお菓子製造スタッフ】お休みたっぷり 正社員,
46,住友不動産株式会社 | 【東証一部上場】★転勤なし★東京の平均年収817万円,営業経験者募集！【注文住宅営業】3割が年収800万円以上 正社員,
47,住友林業ホームサービス株式会社 | 【オリコン顧客満足度3冠達成】,反響営業の【不動産営業】★年収1000万超も可★フレックス制 正社員,
48,株式会社テクノプロ・コンストラクション | 業界売上No.1【東証一部上場テクノプログループ】,未経験歓迎【総合職(管理・資料作成等)】平均月収29万円/土日休 正社員,
49,株式会社ビッグモーター | 【業界No.1の実績とブランド力】＼全国募集！好きな街で活躍♪／,未経験歓迎【受付事務】★転勤なし★基本定時退社★月8～10日休 正社員,
50,UTパベック株式会社 | 【東証一部上場グループ】入社祝い金10万円支給エリアあり！,未経験歓迎【ものづくりスタッフ(データ入力等)】☆力仕事少なめ 正社員,
51,日研トータルソーシング株式会社 | ◆年休最大160日◆残業ほぼなし◆未経験大歓迎◆社宅費補助あり,"面接1回★簡単な【製造・倉庫作業】★選べる勤務地全国7,000件！ 正社員",
52,株式会社VRST | 独立支援制度あり！英語教育・プログラミング(Java/AWS)研修実施,【ITエンジニア】★グローバル人材に育成します！★副業OK 正社員,
53,FIVE・ARROWS不動産販売株式会社 | 業績好調！マイナビ転職で初めての中途採用です！,あなたらしく自由に働いてください！【 不動産営業 】※福岡本社 正社員,
54,アプライド マテリアルズ ジャパン株式会社 | 売上世界No.1の半導体製造装置メーカーの日本法人,北上限定募集【カスタマーエンジニア】未経験歓迎◆学歴不問 正社員,
55,株式会社日本セレモニー | コロナ禍でも黒字経営★典礼会館やFIVESTAR WEDDINGを運営！,【セレモニープランナー】働きやすい環境＆充実の研修をご用意！ 正社員,
56,フォーザウィン株式会社 | ＜有休消化率100%／残業月平均15時間以下／年間休日125日＞,【インフラエンジニア】◆経験者 ◆前給以上確約 ◆面接保証 正社員,
57,"株式会社ビッグモーター | ◆BIGな環境でBIGに稼げる！◆直近1年の最高年収4,600万円",業界No.1の【カーライフアドバイザー】経験/学歴/年齢不問 正社員,
58,UTエイム株式会社 | 【東証一部上場グループ】★WEB面接OK,コツコツ働ける♪【箱詰め・梱包スタッフ】未経験歓迎 正社員,
59,株式会社テクニケーション | 定着率97.5％／平均150万円年収UP／リモート率9割／待機者ゼロ,【ITエンジニア】リモートワーク90％超★業界TOPクラスの還元率 正社員,
60,株式会社ワールドインテック | 東証一部上場グループ会社/土日祝休み/長期連休あり/未経験歓迎,月収40万円以上可【トヨタの自動車製造スタッフ】年間休日123日 正社員,
61,アプライド マテリアルズ ジャパン株式会社 | 売上世界No.1の半導体製造装置メーカーの日本法人,近畿限定募集【カスタマーエンジニア】未経験歓迎◆学歴不問 正社員,
62,株式会社エー・エス・エル | 《東証一部上場企業グループ》コロナ禍でも過去最高益レベル！,【ITエンジニア（開発／インフラ）】◎テレワーク率85%以上 正社員,
63,株式会社公共土木積算研究所 | 【関東随一積算ソフトメーカー】★30年以上の実績と抜群の知名度,自社ソフトの【提案営業】★月給30万円以上+毎月インセンティブ 正社員,
64,大日本印章株式会社 | 【トップHDグループ】★オープニングスタッフ募集！博多駅前勤務,"★印章業界大手の【提案営業】*福岡限定採用！未経験OK,土日祝休 正社員",
65,株式会社Style | ■希望勤務地への配属を確約■残業ほぼナシ＆土日休＆大型連休◎,【施工管理アシスタント】★年間休日125日以上／平均月収38万円 正社員,
66,UTエイム株式会社 | 【東証一部上場グループ】★オンライン面接実施中→4月入社可！,未経験歓迎【物流管理事務スタッフ】ワークライフバランス良好◎ 正社員,
67,アプライド マテリアルズ ジャパン株式会社 | 売上世界No.1の半導体製造装置メーカーの日本法人,広島限定募集【カスタマーエンジニア】未経験歓迎◆学歴不問 正社員,
68,UTコミュニティ株式会社 | 【4/1～UTコネクト株式会社に社名変更予定】年休133日可,【サポートスタッフ(PC入力・検品等)】17:00定時退社＆土日休可 正社員,
69,"東建コーポレーション株式会社 | 上場企業で""待遇も働き方""も満足しませんか？",今がチャンス＊若手育成採用【営業】全国募集/未経験OK/30歳まで 正社員,
70,東建コーポレーション株式会社 | WEB面接実施！『 年齢に関係なく、まだまだやれる会社です！』,40～50代で転職の先輩、活躍中【営業】全国/未経験歓迎/年齢不問 正社員,
71,アプライド マテリアルズ ジャパン株式会社 | 売上世界No.1の半導体製造装置メーカーの日本法人,九州限定募集【カスタマーエンジニア】未経験歓迎◆学歴不問 正社員,
72,株式会社ビッグモーター | 【5年連続買取台数No.1が活躍の舞台】★平均年収957万円以上,未経験から稼げる【営業】1年目で年収1000万円可能 ※45歳以下 正社員,
73,東建コーポレーション株式会社 | ＜転職成功者が多数＞年収320万から、860万を実現した先輩も◎,目指せ！年収UP【営業系総合職】年齢不問/全国・社会人経験募集 正社員,
74,アプライド マテリアルズ ジャパン株式会社 | 売上世界No.1の半導体製造装置メーカーの日本法人,茨城限定募集【カスタマーエンジニア】未経験歓迎◆学歴不問 正社員,
75,株式会社コシダカ | 【上場グループ企業】月収例29.5万円★月8~10日休★年2回5連休！,まねきねこの【カラオケ店舗社員(店長候補)】*高卒以上/年齢不問 正社員,
76,株式会社コシダカ | 【上場グループ企業】スピード昇格可★土日休みOK★年2回5連休,月30万を目指せる【カラオケ店員(店長候補)】*39歳以下/学歴不問 正社員,
77,株式会社西家 | ◆年3回の大型連休が可能（GW／夏季／年末年始）,充実の月給40万円以上！「稼ぎたい」を実現できる【不動産営業】 正社員,
78,"株式会社ガリレオコーポレーション | 「年収1,000万円欲しい！」「安定して働きたい」どちらもOK！",”理想の働き方”を、叶えませんか？【営業】★未経験歓迎 正社員,
79,"日研トータルソーシング株式会社 | ≪1年目で年収500万以上目指せる≫半年ごと5,000円の昇給あり★",入社特典60万円&寮無料★トヨタ車の【製造サポート】※全国募集 正社員,
80,"洛陽交運株式会社 | ヤサカグループ／月額17,000円～即入寮できる社宅あり！",業界イメージを打ち破る【タクシードライバー】⇒ その秘密は？ 正社員,
81,株式会社ネクステージ | ★東証・名証一部上場 ★営業利益前年比200%UP ★土日祝休み可能,【 営業 】平均年収740万円！インセンのみで月40万円稼ぐ社員も 正社員,
82,UTエイム株式会社 | 【超スピード選考】最短当日面談＆当日採用(規定有)！,【サポートスタッフ(データ管理等)】未経験歓迎※月収42万円も可 正社員,
83,株式会社コシダカ | 【上場グループ企業】土日休みOK★月収29.5万円も目指せる！,自分らしく働こ♪ カラオケまねきねこの【店舗運営】★高卒以上 正社員,
84,株式会社コシダカ | ★月収例29万5000円！★年休110日以上★東証一部上場グループ,カラオケ好き集合♪【カラオケ店舗社員】※職歴/学歴/年齢不問 正社員,
85,株式会社トップ | 《トップHDグループ》33歳*月給例:月給29.1万円＋インセン＋賞与,3人に1人は年収1000万円！【 提案営業 】*全国募集*経験者募集 正社員,
86,株式会社西家 | 大型連休年3回（GW/夏季/年末年始）→最大9連休、年間休日120日,新部門のコアメンバー！【リノベーション営業】★完全週休2日制 正社員,
87,UTエイム株式会社 | 【東証一部上場グループ】,未経験から技術を身につける【フィールドエンジニア】★研修充実 正社員,
88,UTエイム株式会社 | 【東証一部上場グループ】★WEB面接OK／スピード入社も可能,オフも充実♪【製造管理事務スタッフ】未経験歓迎／履歴書不要 正社員,
89,株式会社サニックス | ◆東証一部上場企業 ◆初任地は希望勤務地を確約／年間休日115日,【営業】平均年収800万円★応募いただいた方は全員面接します！ 正社員,
90,コスモエコロジー株式会社 | 未経験入社でも安心！コミュニケーション力を活かせます♪,エコ商品をPR♪地球環境に貢献できるお仕事です！【PRスタッフ】 正社員,
91,株式会社アイダ設計 | 1都2府21県へエリア拡大中／テレビ・ラジオCMでもお馴染みの企業,家づくりを一緒に楽しむ【反響営業】営業経験者優遇/20代活躍中 正社員,
92,日研トータルソーシング株式会社 | WEB面接1回のみで内定可◆面接来社でギフトカード5000円分贈呈！,【ものづくり総合職】★年休最大160日＆残業少なめ★ 正社員,
93,"日研トータルソーシング株式会社 | ≪1年目から年収500万円以上≫半年ごとに5,000円昇給あり★",自動車部品の【組立・加工スタッフ】最大60万円の高額入社特典！ 正社員,
94,日研トータルソーシング株式会社 | ◆WEB面接1回のみで内定も可能◆年休最大160日◆残業ほぼなし,好きな街で働けるものづくり【サポートスタッフ】年休最大160日 正社員,
95,株式会社アイダ設計 | 1都2府21県へエリア拡大中／テレビ・ラジオCMでもお馴染みの企業,完全週休2日★注文住宅の【建築設計】※早期の昇格も現実的！ 正社員,
96,株式会社ビッグモーター | 【業界No.1】◆スピード昇進可能 ◆役職手当最大20万円,★平均年収957万円★【車の営業(幹部候補)】※社会人経験者募集 正社員,
97,株式会社ミュゼプラチナム | 人と話すことが好きな方大歓迎♪／未経験OK／WEB面接1回,美容脱毛0円♪【受付カウンセラー】*高卒以上 *社会人経験者募集 正社員,
98,日研トータルソーシング株式会社 | ◆WEB面接1回のみで内定も可能◆年休最大160日◆残業ほぼなし,もくもくと自分らしく働ける仕事！【在庫管理・検査スタッフ】 正社員,
99,日研トータルソーシング株式会社 | ◆WEB面接1回のみで内定も可能◆年休最大160日◆残業ほぼなし,好きな街で働ける！【軽作業スタッフ】定着率95％☆全国募集 正社員,
100,株式会社オープンハウス | 東証一部上場オープンハウスグループの中核企業/20代管理職率76%,【営業総合職】未経験歓迎★「20代で年収1000万円」の実績多数！ 正社員,
101,UTエイム株式会社 | 【東証一部上場グループ】★30～40代多数活躍中！,無理のない環境で働く！【ピッキング・仕分け】★土日休みも可能 正社員,
102,日研トータルソーシング株式会社 | ◆WEB面接1回のみで内定も可能◆年休最大160日◆残業ほぼなし,AI・自動化で話題の業界！【ロボットメンテナンス】◆未経験歓迎 正社員,
103,富士技研センター株式会社 | 取引先は官公庁や自治体！★土日休み＆年休135日＆賞与5ヶ月分,未経験歓迎！インフラを支える【総合職（設計/リサーチ）】 正社員,
104,株式会社TERASS | 【自由な働き方】×【高収入】を実現可能！,ノルマなしの【不動産仲介エージェント】経験者募集/名古屋担当 業務委託,
105,ユアサネオテック株式会社 | ユアサ商事株式会社（東証一部上場）100％出資会社,工作機械や生産設備、組込み品を提案する【法人営業】※経験不問 正社員,
106,株式会社エヌ事業hoop | ★土日祝休み ★インセンティブ充実！月収80万円も可能！,会社のコアメンバーとして成長できる【企画営業】◆学歴不問 正社員,
107,株式会社ネオキャリア | 第二創業期メンバー募集*成長率130％*平均年齢26歳と勢いあり！,入社1年でリーダーに昇格可！【人材コンサルタント】月給30万～ 正社員,
108,株式会社ネオキャリア | ★働きやすい年休123日＆残業少なめ＆土日祝休＆20:30完全退社★,未経験でも月給28万以上！求人広告の【 営業 】★平均年齢25歳 正社員,
109,株式会社シーズン2 | ◎月給30万円以上 ◎夜勤なし ◎休みも充実 ◎未経験OK,飲食系ベンチャーで活躍！【総合職（店長/料理長/SV候補）】 正社員,
110,株式会社ハウスコミュニケーション | 関西TOPクラスの知名度★収入/ポジションで満足していない方へ！,"未経験大歓迎！ ""頑張る気持ち""さえあれば合格◎【不動産営業】 正社員",
111,小金井不動産株式会社 | LIXIL不動産ショップTOPクラス＜1年以内の離職はほとんどなし＞,反響型の【売買営業】◎社員定着率83％　◎埼玉限定募集 正社員,
112,株式会社田村電気工事 | 1981年創業／40年以上の歴史がある安定企業／夜間作業もなし,★未経験でも月給25万円以上【電気工事士】家族・住宅手当など有 正社員,
113,フォーシーズンズ株式会社 | 3年連続『健康優良法人』に認定／年120日休みの働き方が可能！,【セールススタッフ】ベンツ・Audiなどの正規ディーラーで活躍！ 正社員,
114,株式会社ファクト | ＼未経験からNTT東日本特約店で活躍／ *年休120日 *残業月20h,NTT東日本から絶大な信頼★社会インフラを支える【法人営業】 正社員,
115,株式会社誠進堂 | 売上は昨年対比170％UP／平均月収50万円＆平均年収700万円！,抜群のチームワークと好待遇が魅力の【施工管理】※完全週休2日 正社員,
116,株式会社ビッグモーター | 業界No.1企業の安定性／面接1回／転勤なし／連休OK！,【登録事務スタッフ】☆未経験歓迎☆基本定時退社☆土日休み 正社員,
117,株式会社ティーアイピー | 《大手通信会社と安定取引》有給取得率100％/実質の休日135日↑,5G・スマホ通信の【技術スタッフ】★完全土日休み★社宅あり 正社員,
118,株式会社貴瞬 | ジュエリーの買取・リメイク・販売事業で急成長中！,【ジュエリーバイヤー(法人営業)】★未経験歓迎★月給28万円以上 正社員,
119,株式会社アミークス | 《40年連続で黒字経営の安定基盤》10名以上の積極採用を実施！,未経験歓迎！オフィス内装工事の【養生スタッフ】★月給30.5万～ 契約社員,
120,株式会社テクトン | 「未経験で心配・・・」そんなあなたを応援する会社,★接客・販売職からの未経験入社多数★Excel研修あり【事務職】 正社員,
121,株式会社平和地建 | 人々の暮らしに笑顔を増やす。なくてはならない企業となるために,不動産を通して、驚きと感動を生む。【反響営業】※未経験OK 正社員,
122,株式会社神美 | 女性専門のセルライトケア『THE PERFECT LINE』を全国に展開！,【エステティシャン】*女性活躍中*完全週休2日*年休120日 正社員,
123,株式会社あひるコンサルティング | ★目標は自分で決めるもの。自分を律して「ガッツリ」稼ぐ！！★,しっかり稼ぐ！【コンサルティング営業】★未経験でも固定給保証 正社員,
124,アップライブステージ株式会社 | ◎テレワークの普及に伴い売上も2倍◎実績給で最高70万円支給有,【LIVE配信タレントマネージャー】成長を二人三脚でプロデュース 正社員,
125,株式会社京進 | 東証二部上場,【学習塾経営】転職して社員に？いや、次のキャリアは独立だ！ FCオーナー,
126,株式会社アミ―クス | 『トータルリペア』オーナー募集,リペア職人として1人で独立！トータルリペアの【FCオーナー】 FCオーナー,
127,住友不動産株式会社 | 東証一部上場◆平均残業時間18時間◆転勤なし◆完全週休二日,第二新卒歓迎◆最高年収実績1100万円【新築分譲マンション営業】 正社員,
128,アップライブステージ株式会社 | テレワークの普及に伴い売上も2倍◎実績給で最高70万円支給有,【ライブ配信コーディネーター】★タレント発掘＆育成★高卒以上 正社員,
129,サステナブルエナジー株式会社 | ★土日祝休み★完全週休2日★残業月10～20h程度★平均年齢28歳,地球環境に貢献！再生可能エネルギーに携わる【営業】年休120日~ 正社員,
130,"株式会社TAPP | IPOを視野に入れ売上300％成長を更新中！/年収1,000万円超も可能",Webマーケ＋アポ部門と分業で提案に集中【クロージング営業】 正社員,
131,株式会社家づくり本舗 | ◆完全週休2日制◆キャリアUPのチャンス豊富◆産育休実績あり,住宅ローンの【提案営業】★賞与最大年7回★年間休日129日 正社員,
132,大東建託株式会社 | 【東証一部上場】◎平均月収850万円(平均月給28万円)◎年休125日,埼玉エリアで土地活用を提案する【営業職】★入社支度金20万円 正社員,
133,大同生命保険株式会社 | ★業界経験一切不問 ★有給取得実績多数 ★転勤なし ★土日休み,基本17時退社★平均月給42.9万円【法人営業】※社会人経験者限定 正社員,
134,住友不動産販売株式会社 | 【東証一部上場住友不動産グループ】,【不動産売買仲介営業】◇営業職の半数以上が年収800万円超 正社員,
135,株式会社ライジングサンセキュリティーサービス | ☆★新規事業拡大につき50名大募集★☆出張面接も行っています！,福島積極募集【警備】★月給32万~最大42万円！★女性活躍中★ 正社員,
136,インターギアソリューション株式会社 | ★電話で稼ぐ！固定報酬＋高額インセンティブ★当月払い可能,【求人広告電話営業】★未経験から平均月収55万円＜全国採用＞ 業務委託,
137,株式会社メイテック | 東証一部上場／自動運転・EV・航空宇宙などの最先端・先行開発等,【設計エンジニア(自動車/航空機)】40歳平均年収715万/定着率95% 正社員,
138,株式会社ワールドインテック | 東証一部上場グループ会社◆土日祝休み◆月収30万円以上も可能,【自動車製造スタッフ】★未経験歓迎★年間休日121日★日勤のみ 正社員,
139,インターギアソリューション株式会社 | ★固定報酬×制作本数で制作担当の『月収例35～180万円』,【求人広告クリエイター(ディレクション・コピーライティング)】 業務委託,
140,株式会社エージェントゲート | ビッグプロジェクトにも参画！大手プライム多数/前給最大限考慮,年収900万～可！数十名以上を管理する規模多数【PL・PM】 正社員,
141,株式会社吉村工務店 | 完全週休2日／☆未経験歓迎／インセン制度／☆残業ほぼなし,★面接確約【提案営業】30～50代活躍中★月給30万円~ノルマなし 正社員,
142,下田工業茨木株式会社 | 残業月10h／年3回の長期休暇あり【大阪府緊急雇用対策に賛同】,★オープニング採用／未経験OK★ 食品トレイの【製造スタッフ】 正社員,
143,株式会社飯田産業 | 【東証1部上場/飯田グループホールディングス】★新店もOPEN★,分譲住宅国内シェアNo.1のブランドが成功を後押し！【営業職】 正社員,
144,住友不動産株式会社 | 【東証一部上場】★転勤なし ★3割が年収800万円以上！,未経験から家づくりのプロに！【注文住宅営業】平均年収817万円 正社員,
145,株式会社エージェントゲート | 化粧品メーカー等と取引/産育休取得＆復帰100％/残業基本なし,未経験OK★希望の働き方に変えよう*年休130日【ITヘルプデスク】 正社員,
146,株式会社アール・ディベロップメント | 《定着率90%/有休消化率80%》,【戸建て住宅のプロジェクト管理担当】◆経験の浅い方も大歓迎！ 正社員,
147,インターギアソリューション株式会社 | ★電話で稼ぐ！固定報酬＋高額インセンティブ,求人広告の【マッチングプランナー】★平均月収55万円<大阪採用> 業務委託,
148,株式会社ブレイン・ゲート | 入社2年で月給60万円を叶えた社員も★経験に見合う給与でお迎え,案件拡大に伴い【 プログラマー 】大募集！★転勤無／教育制度有 正社員,
149,株式会社真心 | 全国240店舗！ラーメン来来亭を展開｜正社員＆充実の福利厚生,未経験でも月給28万円～【 幹部候補 】店長は月給50万以上も可！ 正社員,
150,AIG損害保険株式会社 | 将来は専業代理店として独立可能！サポート充実＆年休120日♪,未経験から築く新たなキャリアの可能性！【コンサルタント営業】 契約社員,
151,株式会社エージェントゲート | 大手プライム多数/前職最大限保証/定着率94％/年休130日,【SE・PG】還元率最大75%！常時1600件！※学歴不問 正社員,
152,クリーンデバイス・テクノロジー株式会社,カーエアコンクリーニング「空気の洗車屋さん」【FCオーナー】 FCオーナー,
153,株式会社レジデンシャルインターネット | テレワーク需要で益々安定＋急成長の企業／＃土日祝休＃賞与3回,最先端技術を駆使する【ネットワークエンジニア】＃未経験歓迎＃ 正社員,
154,有限会社高美電気工事 | 【「住友電設」「きんでん」と直取引】地域密着だから転勤なし,入社時の資格不問【電気工事士】※完全週休2日／平均月収40万円 正社員,
155,株式会社エージェントゲート　 | WOMAN's VALUE AWARD/残業基本なし/リモート勤務も実施中,年休130日！IT業界・事務未経験OK！安定の手に職を【IT事務】 正社員,
156,朝日土地建物株式会社 | 中山支店◆転勤なし！地域に根付いた不動産会社で先々まで活躍！,【不動産営業】◎営業・資格・住宅手当など福利厚生も充実◎ 正社員,
157,HITOWAライフパートナー株式会社 | 全国募集★自宅開業OK★転勤なし◎未経験歓迎！学歴・スキル不問,面談確約【店舗経営】研修制度◎高収入を目指せる！選べる勤務地 FCオーナー,
158,"サングローブ株式会社 | ★創業8期目で20,000社と直取引★年休130日/土日祝休み/残業ゼロ",Webマーケティングの【インサイドセールス】未経験で年1000万可 正社員,
159,株式会社アーキ・ジャパン | 平均月収53万円(施工管理・技術職)【大阪府緊急雇用対策に賛同】,【施工管理】初年度想定年収600～800万/収入UP実績多数/全国募集 正社員,
160,株式会社三和交通統轄本部 | 二種免費用会社負担/最大37万の給与保障(※規定有)/月平均12乗務,＼終身雇用宣言！年齢不問！／【総合職】東京/神奈川/埼玉募集 正社員,
161,ヴェル・ハウジング株式会社 | 安心の固定給制度あり⇒未経験でも月給28万～35万円スタート！,未経験OK！年収2000万超も目指せる【住宅営業】★100％反響営業 正社員,
162,株式会社ジーアフター | 輸入車・国産車の買取、販売◇売上前年比130%成長で不況知らず！,＊2022年4月新店OPEN＊車の【販売営業・買取営業】月給30万円~ 正社員,
163,UTエイム株式会社 | 【東証一部上場グループ】何十年先の将来も重宝される人材へ！,完全未経験から手に職を！【エンジニア候補生】★自社研修充実 正社員,
164,株式会社一条工務店 | 【販売棟数 業界No.1！】★明確な評価制度で年収1000万円も可能,※全国募集《東京・神奈川積極採用》完全反響型の【営業・販売】 正社員,
165,株式会社Good Luck | ～ あなたの居場所は、きっとここにある ～ ☆月平均残業10h程☆,【住宅企画アドバイザー】☆夢のマイホームを届ける☆未経験歓迎 正社員,
166,株式会社牧野ガスセンター | コロナ禍でも経営安定/大阪ガスグループ/転勤なし/未経験歓迎,地域に根差して活躍する【ライフアドバイザー】※賞与年3回 正社員,
167,GranElite株式会社 | 《未経験から鑑定士へ》半年で月給35万円～の鑑定士も輩出中★,【査定スタッフ/バイヤー】未経験でも入社初年度平均月給30万円 正社員,
168,UTエイム株式会社 | 【大手の安定基盤】社宅費・引っ越し費・赴任費全て補助エリアも,新生活応援体制充実♪【倉庫内作業スタッフ】※土日休み可能 正社員,
169,"株式会社秀永 | ★残業は年に3,4回のみ!! ★完全土日祝休み ★20代~30代活躍中",自社物件の【不動産管理/施設管理】★安定基盤でキャリアアップ 正社員,
170,セブンエー美容株式会社 | 全身脱毛サロン「恋肌（こいはだ）」,【恋肌のエステティシャン】未経験OK★賞与年3回★ノルマなし 正社員,
171,日本電設工業株式会社 | ＜東証一部上場企業／JR東日本のパートナー＞★年収990万も可,大規模案件を中心に手掛ける【総合職(電気・空調施工管理)】 正社員,
172,株式会社KSEシステムクリエイト | 年休128日*土日休み*残業少*WEB面接1回！*20～30代活躍中！,知識ゼロでも★研修4ヶ月後に安心デビュー！【WEBエンジニア】 正社員,
173,株式会社ONE TOP JAPAN | 《 週休2日／前給考慮／マンツーマン研修／売上昨対比130％UP 》,【　FC開発営業　】／店舗経営コンサルティング／完全反響 正社員,
174,セントラル交通株式会社 | つばめタクシーグループ｜U・Iターン支援・社員寮完備,【ドライバー】面接からの内定率90％／初年度平均年収504万円 正社員,
175,株式会社センス | 時代を先どりした福利厚生☆未経験スタート歓迎☆年収1000万多数,U-35全員面接【営業系総合職】週休3日/5連休など柔軟な働き方も 正社員,
176,株式会社クリア | 全国118店舗以上を展開するメンズ美容のリーディングカンパニー,【メンズ美容の施術/カウンセラー】★月8日希望休★脱毛受け放題 正社員,
177,真鍋電機株式会社 | マイナビ限定募集／大手空調メーカー・ダイキン工業のパートナー,【技術職／電気工事士・施工管理】完全週休二日＆月給45万円可能 正社員,
178,株式会社KOKUA HOME | 面接1回／事業好調につき10名以上の増員予定／コロナの影響なし,住宅リフォームの【営業職】★未経験OK ★現在スタッフ全員20代 業務委託,
179,株式会社砂建 | ＜ 年間休日112日+有給 ＞業績好調の注目企業で活躍しませんか？,プラント関連部品の【 製造スタッフ 】未経験歓迎★基本定時退社 正社員,
180,株式会社FIVE FELLOWS | (ファイブフェローズ)「完全週休2日制」「充実の手当/福利厚生」,賃貸物件を扱う【ルームアドバイザー】未経験でも月給25万円～★ 正社員,
181,株式会社エフ・オー・プランニング | ＃志望動機不要＃転勤なし＃異業種転職が多数＃キャリアパス多彩,【配送スタッフ】WEB面接／月給25万円／完全週休3日／賞与年2回 正社員,
182,株式会社ライズイノベーター | 完全週休2日/土日祝休/面接1回(WEB可)/教育補助金年間20万円,"前職より必ず""増給""！【ITエンジニア】年休134日/平均年齢29歳 正社員",
183,アートバンライン株式会社 | 大手企業と多数取引で業績好調★月8～9日休み土日休みも可,【小型(2t)トラックドライバー】★面接1回★高定着率★[未]歓迎 正社員,
184,株式会社レシックス | 【創業30年以上の安定企業/全国へ事業拡大】月収300万円超も可!!,【不動産営業】最高年収5850万円、最高月収1273万円。 正社員,
185,株式会社Reazista | リリース約3年で加盟店舗約8万店！急成長企業の直販メンバー募集,フードデリバリー＆テイクアウトアプリ『menu』の【提案営業】 正社員,
186,アートバンライン株式会社 | 大手企業と多数取引で業績好調★月8～9日休み★土日休みも可,【中型(4t)トラックドライバー】面接1回★転勤なし！安定性◎ 正社員,
187,有限会社雄装 | 【賞与は「年３回」！】 残業ほぼなし／土日祝休みが嬉しい♪,”岡山の街づくり”に繋がる！【内装施工スタッフ】★未経験歓迎 正社員,
188,リベル株式会社 | 20～30代中心【実例：26歳営業／最高インセンティブ月328万円】,"＼未経験でも安心／""残業なし""で年収1000万も叶う【不動産営業】 正社員",
189,小金井不動産株式会社 | LIXIL不動産ショップTOPクラス＜1年以内の離職はほとんどなし＞,反響型の【売買営業】栃木で長く働ける！　※社員定着率83％ 正社員,
190,アートバンライン株式会社 | 大手企業と多数取引で業績好調★売上345億円を誇る安定企業,【大型(10t)ドライバー】★面接1回★無理のない配車調整で負担少 正社員,
191,大和総合住設株式会社 | ★賞与年4回支給★ 月収200万円以上も目指せます！,完全週休2日制&朝はゆっくり13時出社♪【 提案営業 】※沖縄勤務 正社員,
192,クオリア・コンサルティング株式会社 | ★賞与年3回★有休消化率100％★男性社員の育児休暇取得実績あり,【経費削減の提案営業】★未経験から平均月収60万円★ノルマなし 正社員,
193,関西ポリマー株式会社 | 面接1回/年間休日126日/未経験歓迎【大阪府緊急雇用対策に賛同】,完週休2日制(土日祝)＆未経験でも月給24万円～【製造スタッフ】 正社員,
194,エーアイアールグループ合同募集 | 《首都圏に16店舗展開中》★20～30代若手活躍中★安心の研修体制,未経験歓迎！【ルームアドバイザー】★100％反響営業★3月入社可 正社員,
195,株式会社イースマイル | 【TVCM展開中！全国30拠点を展開】大半が前職より収入UPを実現！,★入社1年目で年収500万円が可能！【営業・メンテナンス】 正社員,
196,東宝ホーム株式会社 | ◆月給32万円～◆経験4年/年収630万・経験6年/年収780万円も可能,☆福岡募集☆【建築施工管理】高いブランド力・完全週休2日 正社員,
197,株式会社ビッグモーター | 充実したサポート環境☆未経験だった女性も大活躍中☆賞与年2回,未経験から始める【営業職】★平均年収957万円 ※高卒以上 正社員,
198,新日本ハウス株式会社 | 転勤ナシ＝好きな街で働けます！吉幾三さんのCMでおなじみの会社,【営業職】1年目で年収800万の実績あり！家族も喜ぶ転職を 正社員,
199,株式会社バイリンガルゲート | WEB面接可／年収1000万円可能／土日祝休み／年休125日,未経験からIT×英語×将来性で価値を磨く【コーディネーター】 正社員,
200,アイアール株式会社 | ★完全週休2日制（土日祝） ★年間休日125日 ★超充実の福利厚生,休める！稼げる！楽しめる♪【施工管理アシスタント】★未経験OK 正社員,
201,大東建託株式会社 | 【東証一部上場】◆全国募集◆残業代1分単位支給◆Web説明会実施,【営業】20万の入社支度金◆平均年収850万◆経験者募集 正社員,
202,株式会社桜丘住販 | 土日休み★昇給チャンス年4回★借上社宅あり★産休/育休実績あり,育成マニュアル充実★未経験歓迎♪【不動産アドバイザー】 正社員,
203,日東電工株式会社 | 残業少なめ＊昇給年3回【大阪府緊急雇用対策に賛同】,月給40万円以上！33年連続黒字経営、安定基盤の【電気施工管理】 正社員,
204,アプライド マテリアルズ ジャパン株式会社 | 売上世界No.1の半導体製造装置メーカーの日本法人,【エンジニア・技術職】理系職経験者募集◆学歴不問◆全国募集 正社員,
205,アプライド マテリアルズ ジャパン株式会社 | 売上世界No.1の半導体製造装置メーカーの日本法人,【カスタマーエンジニア】未経験歓迎◆学歴不問◆全国募集 正社員,
206,エフエルシープレミアム株式会社 | 【大阪府緊急雇用対策に賛同】東証二部上場企業のグループ！,業界シェアNO.1【営業系総合職】未経験可/全員面接★社員寮完備 正社員,
207,株式会社デザイン | 【ベストベンチャー10期連続選出】★年休126日以上★残業ほぼ0,未経験でも月給30万/昇給年6回【Webメディアプランナー】 正社員,
208,KUROFUNE＆PARTNERS株式会社 | #飛び込み・テレアポ業務なし #社用車支給 #転勤なし,【買取査定スタッフ】未経験歓迎／月給30万円スタート／車通勤OK 正社員,
209,アプライド マテリアルズ ジャパン株式会社 | 売上世界No.1の半導体製造装置メーカーの日本法人,【エンジニア・技術職】未経験歓迎◆高卒以上◆全国募集 正社員,
210,株式会社アーバン・ウェブ | ★テレワーク導入 ★有給消化ほぼ100％ ★残業月20時間以内,【システムエンジニア】★経験者は前職給与保証 正社員,
211,株式会社ネオキャリア | 【保育Tech事業】メンバー全員20代！未経験入社90％*年休128日～,20代で管理職へ！【自社メディア営業】未経験歓迎*月給30万円～ 正社員,
212,株式会社テクノスイコー | ◎土日祝休み◎残業手当100％支給 <大阪府緊急雇用対策に賛同>,【CADオペ（設計補助）】★設計など広がるキャリア★転勤なし 契約社員,
213,株式会社テクノスイコー | ◎即入社＆希望勤務地を最大限考慮【大阪府緊急雇用対策に賛同】,【モノづくりエンジニア】★経験を収入に還元★希望案件を最優先 契約社員,
214,クラシス株式会社 | 業界未経験OK｜土日祝休み｜創業25年の実績｜挑戦×安定を実現◎,医療・福祉業界を繋ぐ【人材コーディネーター】／インセン年4回 正社員,
215,栄和エステート株式会社 | 【独自ノウハウで急成長中】未経験入社4ヵ月／月収例120万円超！,“売る”ではなく“買う”に特化【不動産の仕入れ営業】未経験OK 正社員,
216,株式会社大興ネクスタ | ＊残業月10h以下＊年休121日＊完休2日＊月給33万～＊賞与年2回＊,お客様の要望をカタチにする【リフォームデザイナー】経験者優遇 正社員,
217,サーヴェイトコンサルティング株式会社 | 【経験者は前給考慮】*賞与有*20～30代活躍中*面接1回,【事務系総合職(IT事務/一般事務)】年間休日128日*土日祝休み* 正社員,
218,株式会社日本ヴェルテック | セレッソ大阪ゴールドスポンサー【大阪府緊急雇用対策に賛同】,ニューノーマルな働き方♪新部署で活躍を！*＊【営業スタッフ】 正社員,
219,株式会社LOHASTYLE | 年休120日以上／完全週休2日制／面接1回！,想像以上の超成長と超高収入を応援！【営業職】★未経験者超歓迎 正社員,
220,株式会社オーエスティーブレーン | リノベーションや内装工事、オフィス移転を手がける企業,リノベーション＆内装工事などの【施工管理】 ★未経験歓迎！ 正社員,
221,イーゲート株式会社 | ◆20～30代若手活躍中◆完全週休2日制◆年間休日120日以上,【反響営業】#未経験大歓迎 #月給35万以上 #面接1回！ 正社員,
222,株式会社浜寺ガスセンター | 大阪ガスグループ／黒字経営を継続【大阪府緊急雇用対策に賛同】,賞与平均4ヶ月！【総合職(営業/メンテナンス)】平均年収550万円 正社員,
223,株式会社エンテックス | 最先端プロジェクト多数！風通しが良くサポート体制も充実！,【Web系エンジニア】AWS、5Gなど最先端領域で活躍し成長を実現！ 正社員,
224,日本交通株式会社 | 【業界売上高11年連続NO.1(※)】★会社説明会も随時開催★,【VIP・役員専属運転手】★75％以上が年収500万円以上★土日休可 正社員,
225,株式会社フォロアス | 『求人広告』×『WEB広告』の独自サービスを展開★WEB面接対応可,【採用支援コンサルティング営業】★手当&福利厚生制度が充実！ 正社員,
226,株式会社HiiizL | 【 設立以来8期連続黒字経営 】教育評価制度充実/入社祝い金あり,【イベントPR・営業】政府推奨アワード受賞／完全週休2日制 正社員,
227,株式会社小山電機工事 | 完全土日休／給与3~5万アップ可／30代で年収600万円台の社員在籍,【電気工事士】※平均年齢31.7歳／県外出張なし／経験者優遇 正社員,
228,株式会社SKN | 月収40~80万円も可能！／土日休み【大阪府緊急雇用対策に賛同】,未経験でも成果が出やすい【買取営業】★飛び込み＆テレアポなし 正社員,
229,株式会社SORI | ◆前職給与考慮でお迎え ◆年収1000万円も目指せる ◆賞与年3回,【総合職(施工管理／重機オペ／ドライバー)】年齢不問◎広島勤務 正社員,
230,トマトランド株式会社 | 大手企業と直接取引／賞与年2回+決算賞与有／フルリモート実施,スマートデバイス事業を担う【メーカー営業】月給25万円～ 正社員,
231,株式会社建築資料研究社 | 資格系スクール「日建学院」を運営【大阪府緊急雇用対策に賛同】,＊全国募集＊【ライセンスアドバイザー】◎未経験歓迎／研修充実 正社員,
232,株式会社ソヴリックコーポレーション | ＃大阪府緊急雇用対策に賛同＃未経験大歓迎＃学歴不問＃完休2日,高収入の【不動産営業】学歴不問・未経験大歓迎！賞与年4回支給 正社員,
233,エムケイ株式会社 | 【大阪府緊急雇用対策に賛同】★大阪で説明会実施 3/26・3/27★,【観光コンシェルジュ(ドライバー)】※有給消化率8割超/社宅あり 正社員,
234,ライクスタッフィング株式会社 | ★東証一部上場グループ★WEB面接1回★残業月20h以内★年休120日,【総合職(進行管理スタッフ/BIM CADオペレーター)】★経験者優遇 正社員,
235,株式会社インビクタス | 「新たな自分」と出会える場所がここにある。,【コンサルティング営業】未経験OK／月給30万円以上／高インセン 正社員,
236,大東建託株式会社 | 【東証一部・名証一部上場】◎入社支度金30万円支給！,自分の個性や経験が活かせる【提案営業】安定と成長を手に入れる 正社員,
237,勅使川原産業株式会社 | 【大手と取引】中・長距離ドライバーの平均月収35万円～45万円,【ドライバー】★希望のスタイルで活躍 ★経験・年齢不問 正社員,
238,株式会社プレコヴィユニット | 過去最高利益を達成した「プレコグループ」の安定性◎引越手当有,《44歳以下の方全員面接》【ルートセールス】未経験OK★夕方退社 正社員,
239,株式会社EPARKリラク＆エステ | 土日祝休◆年休124日◆昇給チャンス年12回◆最大月30万円報酬有,美容サービスの【アドバイザー(提案営業)】月給25万～/未経験OK 正社員,
240,株式会社TERASS | 【自分が主役】★実績＝自分の収入に★休みも労働時間も自由でOK,【不動産売買仲介エージェント】※経験者募集／首都圏担当 業務委託,
241,東京エムケイ株式会社 | ハイヤー月収実績119.8万円※2021年8月度支給実績/男性育休実績,年収1000万円も可能！【高級車ハイヤーのドライバー】※高卒以上 正社員,
242,株式会社ロジカル | ★手当充実 ★残業月平均16時間程度 ★転勤なし ★未経験歓迎,土日休みで家族との時間をしっかり過ごせる【ルートサービス】 正社員,
243,東京エムケイ株式会社 | 年収1000万円も夢ではありません★男性の育休/時短勤務実績あり,年収1000万円も可能！【高級車ハイヤーのドライバー】※学歴不問 正社員,
244,株式会社貴順 | *都心エリアの平均月収60万円 *スタッフの8割以上が月収55万円超,普通免許だけで応募OK！【軽ドライバー】★東日本エリア限定 業務委託,
245,東京エムケイ株式会社 | 年収1000万円も夢ではありません！/男性育休実績あり,【グランドパイロット】※高卒以上 ★タクシー月収実績81.3万円 正社員,
246,株式会社ロジカル | ★手当充実 ★残業月平均16時間程度 ★転勤なし ★未経験歓迎,【ルート営業】前職から10万円以上、給与がUPしたスタッフも！ 正社員,
247,明治安田生命保険相互会社 | 産休育休取得実績多数★収入UPも可★残業少なめ★女性活躍中,【MYライフプランアドバイザー】東日本/中部/近畿/中四国募集 正社員,
248,大和総合住設株式会社 | 賞与年4回支給！正当な評価制度アリ★月収200万円も目指せます,完全週休2日制(日・月)&ゆっくり13時出社♪【提案営業】福岡勤務 正社員,
249,ネットシステム株式会社 | ★SHARPのパートナ企業！安定感◎大阪府緊急雇用対策に賛同,年休126日【営業スタッフ】インセンティブ60万円支給実績あり！ 正社員,
250,明治安田生命保険相互会社 | 産休育休取得実績多数★収入UPも可★残業少なめ★女性活躍中,【MYライフプランアドバイザー】首都圏/名古屋/大阪/九州募集 正社員,
251,株式会社ディープコム | ★ホワイト企業認定 ★年休127日 ★残業月10H程度 ★土日祝休み,前給保証【エンジニア】★自社開発あり ★在宅可 ★面接1回 正社員,
252,株式会社エヌ事業hoop | ★土日祝休み ★残業20時間以内,稼ぐ営業に成長した若手活躍中【施工プランナー】◆高卒以上 正社員,
253,株式会社松江電気商会 | 未経験から手に職を！資格取得制度が充実！,設立以来、連続決算賞与支給！【電気工事士】 正社員,
254,黒柳建設株式会社 | 「面接交通費」「引越費用」も当社が負担！独身者は家賃半額負担,【施工管理(土木・建築)】＊賞与平均6.8か月分＊月給30万円以上 正社員,
255,株式会社ゼンワシーケンス | ★令和2年設立のエコベンチャー企業！業界屈指の成長率を実現！,未経験でも成約率8割以上！【営業職】★スキルなしでも高収入！ 正社員,
256,株式会社オートモール | 【上場企業ICDAグループ】★三重で中古車販売台数7年連続NO.1※,入社5年で年収3倍も夢じゃない【中古車の営業】年収例900万/28歳 正社員,
257,匠Lauren株式会社 | ＼＼設立から毎年売上200％UP／／ ★高インセンティブ(月15万~),未経験OK ★ SNS/Webを駆使したPR/集客サービスの【企画営業】 正社員,
258,中部自動車販売株式会社 | ★創業以来黒字・無借金経営 ★完全週休2日 ★残業1日1～2h程度,【カーライフアドバイザー】年収1000万円以上可能★完全反響 正社員,
259,株式会社御剣商事 | ★★関西 積極採用中★★嬉しい福利厚生：理美容補助金など,＼20代の若手活躍中／【キャリアアドバイザー】☆完全週休2日制 正社員,
260,株式会社早稲田アカデミー | 《東証一部上場》個別部門拡大につき経験者積極採用,本気で向き合い、合格を目指す【講師】☆塾講師経験者募集 正社員,
261,シティロード株式会社 | 快適な社員寮（男女）も完備！年収1000万円など高収入も目指せる,★未経験OK★ 安定基盤でイチから学べる【施工管理】で活躍を！ 正社員,
262,新日本住建株式会社｜ | ★東京本社《4駅使えてアクセス抜群》★残業は月20時間程度,売るのではなく、仕入れる【営業】★年休120日以上(土日祝休み) 正社員,
263,関西不動産販売株式会社 | 17期連続で増収増益中｜年間ボーナス1000万円の支給実績も多数！,年収2000万円超も目指せる！【提案営業】業界未経験OK 正社員,
264,Athletic株式会社 | 投資用不動産仲介のパイオニア/完休2日・有給消化率100%,【不動産仕入れ営業】未経験歓迎/残業・ノルマなし/反響メイン 正社員,
265,株式会社九州エネコ | 年休120日以上/完休2日制/転勤なし/社員寮あり/平均月収70万円,"『年収1,000万円』は通過点。【エコプランナー】※学歴一切不問 正社員",
266,株式会社丸八ダイレクト | ◆名証二部上場「丸八グループ」◆WEB面接可◆報奨金・賞与年2回,【販売スタッフ】月30万～可★家族もOKな嬉しい社宅有★高卒以上 正社員,
267,ユナイテッド＆コレクティブ株式会社 | 東証マザーズ上場★売上好調につき社員大募集！,年収550万円も可能！月9日休＊入社祝金10万円【店長職】 正社員,
268,株式会社キントウン | 年休120日以上でプライベートも充実◎私服OK！時短勤務可能,未経験OK！残業月20hで働きやすさ◎【総合職(営業・事務など)】 正社員,
269,社会福祉法人ひまわり会 | ★賞与年3回（4.8ヵ月分：前年実績）・日祝固定休みあり★,【保育士（保育園・学童）】設立30年の公法人・産育休実績多数！ 正社員,
270,株式会社プライム21 | ★賞与6ヶ月分支給／完全土日祝休み／ほぼ定時退社／転勤なし★,＼前職給与最大限考慮！／自社内開発あり【PG・SE】※年休125日 正社員,
271,株式会社クリア | ＜＜ フリーランスのような正社員！選択権100％エンジニア！＞＞,リモート率92％！Pythonやクラウド案件も豊富！【ITエンジニア】 正社員,
272,DSP株式会社 | 【社員定着率95％】#ネイルOK #土日休み #産休育休取得実績あり,【経理スタッフ】★未経験歓迎！★完全週休2日 ★服装・髪型自由 正社員,
273,株式会社京進 | 東証二部上場,"【学習塾教室長】独立を目指し、教室長として""経営""を学べる！ 契約社員",
274,株式会社Presidents Free Style | 独立支援制度◎／資格支援制度◎／大手企業と多数取引あり安定◎,未経験歓迎【通信工事スタッフ】完全週休3日可★賞与年2回実績◎ 正社員,
275,株式会社リクルート北関東マーケティング | （RKM）【リクルートグループ】　★20～30代活躍中★年休145日★,「ホットペッパー」の【企画営業】 ☆転勤なし☆ 正社員,
276,株式会社ヒューマンベース | 残業月20h程度★転勤なし★土日祝休み★年収1200万も可能,東証マザーズ上場グループで活躍！【ITコンサルタント】 正社員,
277,株式会社SALTO | ＃年休132日＃フルリモート案件多数＃完全週休2日制,☆前給考慮☆Web面接1回のスピード選考【開発エンジニア】 正社員,
278,レイス株式会社 | 国内TOPクラスの総合コンサルティング会社,【営業】企業経営者が抱える様々な課題に対して解決手段を企画！ 正社員,
279,興信株式会社 | 売上の8割が既存企業！安定したサイクルを誇る安定成長企業,建材商社の【ルート営業】 手当充実！しっかり稼げて残業少なめ 正社員,
280,株式会社ゲッコー | 年2回5～7日の長期休暇アリ！月収60万円も目指せちゃいます◎,未経験歓迎！建築資材の【運搬スタッフ】20代の平均月収約43万円 正社員,
281,スカイジャパン株式会社 | 入社1年目で月給９万円UPした社員も！在宅勤務OK！,未経験でも高収入/月給30万円以上!【提案営業】ノルマ&残業なし 正社員,
282,株式会社西家 | ◆大型連休年3回（GW/夏季/年末年始）最大9連休 ◆賞与実績3ヶ月,頑張った分は給与に反映！【不動産事務】★完全週休2日制♪ 正社員,
283,Life style株式会社 | ☆希望休OK／残業少／長期休暇あり／髪型・髪色・ネイル自由♪,「稼ぎたい」「自分らしく」どちらも叶う！【賃貸営業スタッフ】 正社員,
284,株式会社テクトン | 「未経験で心配・・・」そんなあなたを応援する会社,★未経験から有名サイトを作れる！【クリエイティブ総合職】 正社員,
285,株式会社日本電化センター | 《新規事業を支えるスターティングメンバー募集》,インターネット回線「NURO光」の【営業】※未経験OK！ 正社員,
286,株式会社クリエイトハウジング | ★昨対比120％成長★安心の月給27万円～★完全週休2日制,未経験OK！稼げる自信とスキルをここで【提案営業】★100％反響 正社員,
287,株式会社エフォート | 入社2年目で月収40万円も実現可能【大阪府緊急雇用対策に賛同】,★月収50万円も可能★【営業スタッフ】※未経験歓迎／土日祝休み 正社員,
288,株式会社タカラレーベン | 東証一部上場【営業力が身につく不動産会社No.1受賞】*年休120日,【ハウジングアドバイザー】★歩合+賞与4カ月分★完全週休2日制 正社員,
289,株式会社シンヨー運輸 | コロナ渦でも売上は約3倍！★全額負担で免許取得を支援★,未経験OK＆転勤なし【ルート配送】◎入社半年で月収40万円も可能 正社員,
290,渋谷運輸サービス有限会社 | 基本土日休（月9日休）／働きやすさ／転勤なし／残業代100%支給,【配送ドライバー】未経験から月収25～30万円も可★夜間配送なし 正社員,
291,株式会社グリーンウォーターズ | <未経験OK！>研修最大4か月／土日祝休み／年休120日／リモートOK,【ITエンジニア(初級SE／講師アシスタント)】★実務未経験歓迎 正社員,
292,株式会社ＮＯＳＣ | 事務全般に携われる☆スタートアップのコアメンバー募集！,【人事/経理/総務】高収入も目指せるベンチャー★昇給賞与年2回 正社員,
293,株式会社ビジネスマネジメント・コンサルティング | ★多角的な事業展開で成長中,カスタムカーの整備や板金塗装を行う【メカニック】未経験歓迎 正社員,
294,株式会社リクルートスタッフィング | リクルートグループ◆年休120日以上◆土日祝休み◆原則定時退社,熊本で募集スタート◎【事務スタッフ】未経験歓迎★原則定時退社 一般派遣,
295,大日設備工事株式会社 | 急募★高収入／研修あり／家族都合休OK／U・Iターン歓迎,水まわり工事の【 現場サポート 】年休120日以上／月給30万円～ 正社員,
296,トヨタホームとうほく株式会社 | トヨタホームグループ／ブランド力＋トヨタ系企業の集客基盤あり,【トヨタホームの提案営業】完全週休2日制／平均勤続10年以上 正社員,
297,株式会社リクルートスタッフィング | リクルートグループ◆年休120日以上◆土日祝休み◆原則定時退社,未経験・ブランクある方歓迎【事務スタッフ】三重で募集スタート 一般派遣,
298,株式会社窪治組 | ★転勤なし★社員寮完備★残業ほぼなし★実働7.5h★各種手当充実,未経験から手に職をつけて活躍！【技能スタッフ（多能工）】 正社員,
299,株式会社アピオセレモニー | ★フレキシブル休暇有★インセンティブ充実★連続5日休暇有,【企画営業職】★新規部署設立に伴う新メンバー募集★ 正社員,
300,下村電機工業株式会社 | 医療・交通、宇宙開発にも貢献する会社／賞与年80万円実績あり,コイル開発の次代を担う【製品管理スタッフ】*未経験OK&文理不問 正社員,
301,株式会社レーヴ | 【大阪府緊急雇用対策に賛同】年間休日120日以上/定時退社OK,土地区画・造成、解体等の【土木施工管理】年収1000万円台も可能 正社員,
302,株式会社リクルートスタッフィング | リクルートグループ◆年休120日以上◆土日祝休み◆原則定時退社,★未経験歓迎◆姫路募集【事務スタッフ】月収20万円～可/姫路 一般派遣,
303,株式会社窪治組 | ★転勤なし★社員寮完備★残業ほぼなし★実働7.5h★各種手当充実,未経験から手に職をつける！【コンクリート技術スタッフ】 正社員,
304,株式会社ブルーム | 残業月10時間程度／研修制度充実／賞与年2回／20～30代活躍中！,【総合職（バイヤー／店長候補・店舗スタッフ／ECサイト運営）】 正社員,
305,フォーライフ株式会社 | 《東証マザーズ上場企業》3年連続増収増益！長期的に成長継続中,分譲住宅・注文住宅の【施工管理】★年間引渡し棟数300棟以上 正社員,
306,株式会社総合資格 | ◆業界トップクラスの実績／平均年収825万円／年間休日110日以上,賞与平均4.8ヶ月【提案営業】★群馬/栃木/埼玉エリア限定募集！ 正社員,
307,浜電気 | 【大阪府緊急雇用対策に賛同】▼月収33万円／入社2年目実績あり,未経験者歓迎！【メンテナンススタッフ】★転勤なし／賞与あり 正社員,
308,株式会社ホンダユーテック | 中古車専業/昨年賞与5.2ヶ月分／年休120日＋有給15日(全社平均),チャレンジングな意欲が活かせる！メーカー系中古車の【営業】 正社員,
309,株式会社窪治組 | ★転勤なし★社員寮完備★残業ほぼなし★実働7.5h★各種手当充実,未経験歓迎！建設現場で欠かせない資材を運ぶ【ドライバー】 正社員,
310,株式会社Co-NNECT | 丕之出産業が母体の安定企業★転勤なし★インセンティブあり,『製造業』特化の人材ビジネス【 営業・コーディネーター 】 正社員,
311,伊藤忠ハウジング株式会社 | 伊藤忠グループ｜伊藤忠ブランドの新築マンション販売、売買仲介,【営業職】明確な評価と役割、安定基盤で「稼げる」仕事に挑む！ 正社員,
312,税理士法人 財務プランニング | 《総クライアント数・宮城トップクラス！》☆元営業、多数活躍中,＼営業経験が必ず活きる！／高収入も可能な【税務アシスタント】 正社員,
313,株式会社ピースリー | 積極面接中!!年休120日以上でプライベートも充実◎20代活躍中★,【営業】服装と髪型が自由＆初年度高収入！家賃補助50％負担！！ 正社員,
314,株式会社むすび | 20代~30代活躍中！｜新店舗続々OPEN★｜サポート体制/福利厚生◎,【買取・販売スタッフ】未経験歓迎！月給100万円も夢じゃない！ 正社員,
315,株式会社日創 | 完全週休2日制（月9日休み）【大阪府緊急雇用対策に賛同】,月給50万円も可能／基本定時退社【査定スタッフ】※店長候補採用 正社員,
316,株式会社ハウスフリーダム | （Q-Board上場）地域密着型ビジネスモデルを展開する上場企業！,100％反響型の【売買仲介営業】完全週休2日｜Web面接可能！ 正社員,
317,株式会社コスモホーム | 【事業拡大中！】地域密着で転勤無し／未経験も頑張りは正当評価,不動産売買の【仲介営業】※反響型営業／インセンティブあり 正社員,
318,株式会社国際エキスプレス | 3年前から倍増！売上90億円/国際宅配サービスを担う総合物流企業,【倉庫管理スタッフ】★年休120日～★有休消化率70%以上♪ 正社員,
319,株式会社ソーケン | 設立50年以上の安定企業/オフィス空間のプロデュース事業を展開,オフィス空間を手掛ける【施工管理】◆未経験OK/9連休取得可 正社員,
320,株式会社Pledge Clover | #平均26歳#業績過去5年で200％UP#UIターンOK,WEBマーケティングの【法人営業】20代未経験者が活躍中！ 正社員,
321,株式会社アイタン | ★創業から21年連続売上UP★賞与年2回＋臨時賞与（4年連続支給）,消防設備の【法定点検スタッフ】月給30万円以上／未経験歓迎☆ 正社員,
322,有限会社ジェネシス | 大手輸入ハウスメーカーの道内資材輸送を全て担う、若き成長企業,【大型ユニックドライバー】最高の新車が、あなたを待っている！ 正社員,
323,株式会社ジー・フィールド | ★右肩上がりを続ける安定基盤★様々なキャリアを実現できる！,【総合職(店長・エリアマネージャー・SV)】★新業態への挑戦も★ 正社員,
324,株式会社ワイズ野口 | ◆賞与年2回◆転勤なし◆毎月の歩合給あり◆残業ほぼなし,【中古車バイヤー(営業企画)】★入社1年目で年収600万円も可能！ 正社員,
325,株式会社レプラスワールド | ＃大阪府緊急雇用対策に賛同＃残業なし＃賞与年6回,★未経験大歓迎【不動産営業】月給28万～/奨学金返済制度あり★ 正社員,
326,株式会社みんな | ＼全国で大募集＆会場へ直行直帰のみ！／◎年3回10連休あり！,【健康アドバイザー】★未経験歓迎｜年休120日｜残業ほぼナシ 正社員,
327,株式会社 NAUGHTY | JR東日本/東京メトロなどの案件多数！◎最大2週間の連休実績あり,≪平均月収40万円以上≫未経験でも月収27.5万円～【電気工事士】 正社員,
328,オークラハウジング株式会社 | グループ創業60年の安定感|入社1年目で1000万円超も可能！,安定＆成長の大倉グループ【住宅提案営業】新ブランドHESTA HOME 正社員,
329,株式会社ダイケンビルサービス | 創業63年の安定企業！面接1回のスピード採用実施中！,志望動機は何でもOK！手に職をつけたいならまずは【設備管理】 正社員,
330,エコトラスト株式会社 | ☆反響営業＆残業平均10時間程度☆【大阪府緊急雇用対策に賛同】,"ニーズの高いエコ商材の【営業職】★未経験でも年収1,000万可能 正社員",
331,株式会社タウン住宅販売 | 設立40年以上｜長く安定的に働ける制度充実｜年収700万円以上可,【営業職】未経験歓迎！平均残業時間10h/ゼロから学べる大手環境 正社員,
332,株式会社レジット | 資格支援制度 / 服装・髪型自由 / 22年5月に道玄坂に拡大移転！,【Webデザイナー】★年収800万円も実現できる★フレックス制 正社員,
333,株式会社FEEL | 月収55万円以上可｜インセンあり【大阪府緊急雇用対策に賛同】,お客様と一緒に作り上げていく【営業スタッフ】※残業月10h程 正社員,
334,株式会社エヌ事業hoop | ★土日祝休み ★残業20時間以内 ★収入UPも目指せる,★20代～30代活躍中★【総合職（営業・事務）】※未経験OK 正社員,
335,"株式会社グランイズム | 業界最高水準の歩合率を設定！年収2,000万円以上も達成可能！",＜鬼の即戦力採用＞【不動産営業】※本気で年収を上げたい人限定 正社員,
336,福山建設株式会社 | 【中途入社の20代～40代が活躍中】★完全週休2日 ★残業少なめ,上水道配管工事の【施工管理】★月給30万円以上＋賞与年3回 正社員,
337,"株式会社日本財託管理サービス | 【創業31年、実質無借金の安定基盤】25,000戸以上の管理実績！",物件価値を高める【不動産管理】年休122日/賞与年2回/定着率95％ 正社員,
338,日本交通横浜株式会社 | 11年連続売上No.1*の日本交通グループ☆入社準備金30万円支給！,【ホスピタリティドライバー】女性・ミドル活躍中／充実保証あり 正社員,
339,"株式会社クレス不動産 | 物件を""見つける""仕事です。未経験入社で年収1000万円も可能！",【不動産仕入営業】未経験でもムリなく稼げる／20～30代活躍中 正社員,
340,株式会社 スイファ | ★即日内定/入社OK ★残業10時間以内 ★年休120日 ★賞与年2回,無資格・未経験大歓迎！【リフォームプランナー】★土日祝休み 正社員,
341,TNC-NEXT株式会社 | 月給25～32.5万円／残業ほぼなし　※大阪府緊急雇用対策に賛同,【総合職（内勤営業／営業サポート）】全国で採用★〆切間近！ 正社員,
342,日本交通横浜株式会社 | 11年連続売上No.1*の日本交通グループ☆入社準備金30万円支給！,【EXドライバー(VIP・ハイヤー送迎)】ミドル活躍中／年収790万可 正社員,
343,株式会社ディ・エー・アイ | 【隔週休2日】【完全週休2日】【完全週休3日】が選べる！,未経験OK＊【店舗スタッフ】 週休3日も選べるお休み制度あり♪ 正社員,
344,株式会社H.T.M | 高水準のインセンティブ | 残業月平均15時間 | 独立支援制度あり,自分のやりたいことに出会える【営業】■完全週休2日■未経験OK 正社員,
345,株式会社エージェント | ＜安心・安定の上場企業＞★週休2日制(土日休み)★月給40万円～,世界トップクラスのIT企業が提供するツール等の提案【企画営業】 契約社員,
346,コムズ株式会社 | 未経験でも月給25万スタート★年休120日以上★残業ほぼ無し,【WEB広告運用】未経験からWEBマーケティングのプロへ★ 正社員,
347,有限会社ケーアイシー | 景気に左右されない安定感が強み！将来安心の技術が身に付く,未経験OK!! 厚待遇で長く働ける【技術スタッフ】◎残業少なめ 正社員,
348,リアルパートナーズ株式会社 | 【横浜・川崎エリア不動産会社ランキング三冠受賞企業】,【不動産営業】100％反響型／平均月収57.5万円／20代活躍中 正社員,
349,日本立友ソフト株式会社 | 年休127日/資格取得サポート充実/9割以上がプライム案件,【ITエンジニア】＊定着率90％ ＊土日祝休み ＊支援も手厚い 正社員,
350,税理士法人経営サポートプラスアルファ | 2年連続『ベストベンチャー100』認定★年休125日★退職金制度有,【TAXコンサルタント(税務・財務・税理士サポート)】★未経験OK 正社員,
351,株式会社Eight | 応募者全員面接【大阪府緊急雇用対策に賛同】土日祝休み,未経験大歓迎！高収入の【法人営業】学歴、年齢不問・賞与年2回 正社員,
352,NTPインポートHD株式会社 | ●NTPグループ ●賞与年2回(昨年実績4.32ヶ月分),輸入車正規ディーラーの【 営業 】★年休125日 ★長野県限定募集 正社員,
353,株式会社バグース | ★経験者優遇★賞与2回＋決算賞与★年3回10日程度の長期休暇あり,修繕工事の【施工管理】経験者は月給33万円以上+インセンティブ 正社員,
354,株式会社NextAB | 【条件に合う方は面接確約】完全週休2日など働き方が選べます！,インフラを支える【技術スタッフ】月給26万円～／基本定時退社 正社員,
355,株式会社アイ工務店 | 売上高成長率NO.1！各地に拠点を持つハウスメーカー,注文住宅の【営業】WEB集客多数★完全週休2日＆年収1000万円可 正社員,
356,株式会社エムエム総研 | 完全週休2日制（土日祝）｜福利厚生充実｜充実した研修制度あり,日本の「はたらく」を変える【デジタルセールス】年休125日 正社員,
357,株式会社EverLine | 大手通信会社と取引／社員寮や資格取得支援・独立支援制度を完備,【通信設備工事スタッフ】未経験OK／1年目から月収30万円超も可 正社員,
358,株式会社サイネックス | 【東証一部上場】未経験・正社員デビューOK｜土日休み＆残業少,地域行政情報誌の【広告提案営業】月収100万円も！★全国募集 正社員,
359,株式会社ファースト | 【新店オープン決定】未経験1年目で月収45万円可・残業ほぼなし,往年の名車、続々！カスタムカー専門店の【カーアドバイザー】 正社員,
360,株式会社AOA | 【大阪府緊急雇用対策に賛同】平均年齢27歳◎2部も同時募集★,踏み出せ！よじ登ろう！高収入への道★稼げる【広告プランナー】 正社員,
361,株式会社Road | ★ベストベンチャー100選出★自社サービス/在宅勤務/独自研修,【IT・WEBデザイナー】未経験歓迎◎月給25万円~フルリモートOK！ 正社員,
362,旭紙工株式会社 | 【花束やラッピングの紙を製造！】※大阪府緊急雇用対策に賛同,未経験OK【製造スタッフ】賞与5ヶ月分/土日休み/月給25万円以上 正社員,
363,LINK株式会社 | 【京都三友青果グループ】☆モデル年収⇒ 600～700万円（27歳）,「安定」だけど「大躍進中」!? 新規事業の【内勤営業】 正社員,
364,株式会社貴順 | *都心エリアの平均月収60万円 *スタッフの8割以上が月収55万円超,普通免許だけで応募OK！ 上京も歓迎！【軽ドライバー】*全国募集 業務委託,
365,住宅セレクション株式会社 | 《引越費用半額負担有！全国から神奈川湘南で働きたい方大歓迎》,【不動産営業】★完全週休2日制 ★年間休日115日 ★残業少 正社員,
366,京和ブロンズ株式会社 | 【設立50年以上／青銅インゴットのメーカー】＊残業なし＊,【製造スタッフ（生産）】★昨年度賞与4ヶ月分 ★年休120～125日 正社員,
367,株式会社アールプランナー | 2021年2月に東証マザーズ、同年12月に名証2部へ上場しました,《愛知・東京｜WEB面接可》【注文住宅営業】※高卒以上 正社員,
368,株式会社SPパロジェ・ゴールド | ♯残業ほぼ無し ♯長期休暇は2週間など、長め ♯産育休実績あり,"年収1,000万円超も可能！売れる物件を担当できる【不動産営業】 正社員",
369,ユニバーサル検査株式会社 | 建物の『傷』を発見して、皆さんの生活を守るお仕事です！,★年休120日以上★夜勤なし！【非破壊検査のアシスタント】 正社員,
370,株式会社モトーレン福島 | 《福島県内唯一のBMW／MINI正規ディーラー》★県外転勤なし,未経験から成長できる！【反響営業】※福島限定募集・制度充実 正社員,
371,株式会社レーベンゼストック | 東証一部上場グループ★宅建保有者大歓迎★残業少なめ★土日休み,【営業】★土日休み＼未経験OK！「買い取る」営業にチャレンジ／ 正社員,
372,株式会社キャリアサービス | 完全定時退社◆年休125日以上◆産休育休の実績◆賞与年3回,未経験から活躍！【人材コーディネーター】☆月給35万円～ 正社員,
373,株式会社水本機械製作所 | 【創業70年の老舗企業】年齢不問／定年後のセカンドキャリアもOK,自社メーカーで製造現場のマネジメントに携わる【生産管理】 正社員,
374,Life & Style株式会社 | 【経験者採用】*大型連休年3回 *週休2日制 *11時出社,経験者優遇【完全反響営業】月27.5～36.5万★インセン月30～50万 正社員,
375,株式会社RYU-SHIN | 大手企業からの直請けで大規模修繕工事の施工を担う企業,【職人(大型マンション大規模修繕工事)】未経験歓迎＆経験者優遇 正社員,
376,株式会社建築資料研究社 | コロナ禍でも強い！資格系スクール「日建学院」を運営,京都・福知山【総合職(ライセンスアドバイザー/システム営業)】 正社員,
377,株式会社立山塗建 | 外壁・防水塗装サービス／中途1年目：年収700万円可（実績あり）,がっちり稼ぎ、しっかり休む！【営業】★昇給年4回★賞与年2回 正社員,
378,株式会社成工建設 | 土日祝休の完全週休2日／残業なし／歩合給のみで年300万円も可能,成果は歩合給でしっかりと還元される！【営業】※未経験者歓迎 正社員,
379,株式会社建築資料研究社 | 景気に左右されない！資格系スクール「日建学院」を運営,＊和歌山募集＊【ライセンスアドバイザー】◎未経験歓迎！ 正社員,
380,百年住宅西日本株式会社 | 平均年収700万円／手当充実／賞与2回／ワークライフバランス◎,未経験歓迎【営業（販売・リフォーム）】完休2日制／年休111日 正社員,
381,株式会社建築資料研究社 | コロナ禍でも強い！資格系スクール「日建学院」を運営,＊滋賀募集＊【総合職(ライセンスアドバイザー/システム営業)】 正社員,
382,株式会社RYU-SHIN | 大手企業からの直請けで大規模修繕工事の施工を担う企業,1級施工管理技士は月給50万円スタート【施工管理】未経験も歓迎 正社員,
383,株式会社ワイズパートナー | ＼ 働き方改革を進めています ／ 家族手当などの諸手当も充実！,完全反響型で未経験からでも安心スタート♪【 賃貸仲介 】 正社員,
384,近畿物流株式会社 | 創業30年以上、大阪でトップクラスシェアを誇る運送サービス会社,男性活躍中★未経験でも月給33万～！運行管理の【事務スタッフ】 正社員,
385,株式会社尚建ビルト | 【大阪府緊急雇用対策に賛同】直行直帰OK｜資格取得支援制度あり,既存顧客メインの【総合職(営業／工務スタッフ)】★賞与年3回！ 正社員,
386,都市総合企画株式会社 | “買いとり隊” のCMでもお馴染み！地域密着型の不動産会社,あなたのアイデアを活かせる！【企画営業】★年間休日130日 正社員,
387,株式会社デイリー・インフォメーション | グループ創立60年で安定性◎／完休2日制／育休実績多数,【観光広告の企画提案営業】◎未経験者歓迎◎年間休日122日 正社員,
388,株式会社大阪真和エンタープライズ | 総売上122億円以上！福利厚生充実／完全週休2日／残業月平均17h,宮崎限定採用！【不動産営業】★未経験歓迎／転勤なし／面接1回 正社員,
389,アポロ管財株式会社 | ★入社祝金3万円/引越補助上限10万円/iPhoneを支給/女性活躍中！,【巡回清掃スタッフ】16時定時★週休3日も可！働き方選べます♪ 正社員,
390,明石機械工業株式会社 | トヨタ・ダイハツの連結子会社／黒字経営継続中／賞与4.9ヵ月分,自動車部品メーカーの【製造職】年間休日121日／未経験者歓迎！ 正社員,
391,ＬＵＣＩＯＮ＆Ｃｏｍｐａｎｙ株式会社 | 大阪府緊急雇用対策に賛同/未経験大歓迎/年休120日/高インセン,★高収入の【ソリューション営業】急成長ベンチャー企業！★ 正社員,
392,株式会社三木森 | 賞与実績5ヵ月分／語学スキルを活かせる風通しの良い職場◎,【海外営業】リーダー候補・チームメンバー/新たな販路開拓を！ 正社員,
393,日本交通株式会社 | 千住営業所 ☆12年連続売上業界No.1！月給30万円以上を1年間保証,■入社祝い金20万円！【サービスドライバー】☆94％が未経験入社 正社員,
394,株式会社建築資料研究社 | 景気に左右されない！資格系スクール「日建学院」を運営,大阪(堺・岸和田)募集【ライセンスアドバイザー】◎未経験歓迎！ 正社員,
395,株式会社アメージング | 「まちのリノベーション創造業」として、地域密着で事業を運営,未経験からでも始めやすい【解体作業スタッフ】※出張・転勤なし 正社員,
396,株式会社エム・シー・ピー | ★年齢不問★連続休暇取得も可★資格取得支援有★20～50代活躍中,【マンション修繕の施工管理】年収1000万円も可能/昇給年4回実績 正社員,
397,株式会社ハマーズ | ＃月3日選べる休み　＃有休消化率70％超　＃20～50代活躍中,大満足な転職ができる【 営業職 】★未経験の方も大歓迎！ 正社員,
398,朝日土地建物株式会社　 | 【横浜支店】★月200万円のインセンティブ可能★完全週休2日制★,独自の広告戦略で未経験でも契約しやすい☆住宅の【提案営業】 正社員,
399,株式会社福島興業 | 都市銀行や官公庁から信頼を頂く企業※大阪府緊急雇用対策に賛同,土日祝休み！未経験からのスタートをサポート！【営業スタッフ】 正社員,
400,"明石機械工業株式会社 | トヨタ・ダイハツの連結子会社／《月収例》…27万5,000円",自動車部品メーカーの【製造職】 ★年間休日121日 ※未経験歓迎 契約社員,
401,"ベストウイッシュ株式会社 | 【ハウスドゥ 南茨木真砂店】年収1,000万円以上も可能",不動産売買の架け橋となる【反響営業】※残業なし／ノルマなし 正社員,
402,Bigmac株式会社 | 毎期連続200%成長！北陸で圧倒的なシェアを誇るデジタル広告企業,デジタルマーケティングの【営業職】北陸で圧倒的なシェアを誇る 正社員,
403,株式会社逢慈 | 社用車は1人1台／有給は10日以上取得／大阪府緊急雇用対策に賛同,未経験歓迎！お客様に寄り添う【フォロー営業】残業少なめ 正社員,
404,エバーグリーンオート株式会社 | ★最上級グレード指定工場・スズキ自販の正規代理店★月給25万～,【技術スタッフ(自動車整備／板金塗装)】★未経験者歓迎！ 正社員,
405,株式会社B2 | 名古屋本社も同時募集中！アポ取得のみの営業スタッフ◆転勤なし,<選べる働き方>未経験でも月給30万以上可能【営業アポインター】 正社員,
406,株式会社ケーアイホーム | 《地域の不動産屋さん》未経験の方大歓迎！マンツーマン指導あり,【不動産営業】稼ぎたい方ぜひ★年収1000～1500万円の実績あり 正社員,
407,株式会社アイベックトラスト | 【自社ブランドを展開】◆年3回8～9日の長期連休あり,おしゃれな自社物件を扱える【ルームアドバイザー】★賞与年3回 正社員,
408,ウィズライフ株式会社 | 安定成長企業・オンライン面接可・年収1500万円以上可能,【マンションメンテナンスの営業】平均月収55万円！転勤なし！ 正社員,
409,SE住宅ローンサービス株式会社 | JASDAQ上場エヌ・シー・エヌ100％出資子会社◆年収500万以上OK,《経験者限定》550以上の顧客リストを活用！【住宅ローン営業】 正社員,
410,株式会社ジェイエムエー | 【全員面接】給与前払いOK！★当社独自の待遇＆福利厚生を準備,【配送ドライバー】★普通免許のみで即稼働★月額報酬75万円も可 業務委託,
411,株式会社やまもとくん | 未経験でも平均月収70万円可能★年次有給休暇取得率100％！,【住宅リフォームの提案営業】20代～60代活躍中！積極採用中！ 正社員,
412,株式会社ブルジュラ | 超ホワイト★土日祝休★年休120日以上★フレックス★20代活躍中,【商品企画】キャラクターグッズのビジネス伝授！起業志望も歓迎 正社員,
413,株式会社くらいす住建 | ★未経験入社90%以上 ★全員が18時台に退社 ★平均年齢25歳,暮らしをデザインする【営業】入社2年目で年収1200万円可！ 正社員,
414,エストラスト株式会社 | 注目度の高いエコ商材の専門商社！成長性高いベンチャー企業！,【営業(アポインター)】★未経験者大歓迎★完全週休2日制♪ 正社員,
415,株式会社エアーテック | 業界最大級！ダイキンの空調機特工店＆サービス認定店,【技術系総合職】＃未経験入社でも年収500万円を実現♪ 正社員,
416,株式会社サンコミュニケーションズ | 業務用エアコンをはじめオフィス商材を提案する企業,業務用エアコンの交換を提案する【法人営業】☆未経験者歓迎！ 正社員,
417,有限会社新潟機械商行 | ★社用車貸与＆ガソリンカード支給★長期1週間ほどの休暇もOK★,【施工管理アシスタント】未経験でも月給25万円～★年113日休 正社員,
418,株式会社TAKEFUJI | 電話での問い合わせもOK！【045-383-9697】,【ドライバー】★普通免許があればOK！1年目で月収80万円も可能 業務委託,
419,SOMPOコミュニケーションズ株式会社 | 業界大手「損保ジャパン」のグループ会社×正社員登用前提の募集,【自動車保険の問合せ対応】書類選考なし全員面接/東京センター 契約社員,
420,株式会社優食 | 《 7期連続 増収増益 》食品製造＆シニア・介護施設向け配食事業,【 企画営業 】経験を活かしてキャリアUP★月給30～38万円！ 正社員,
421,五十嵐建設株式会社 | 働き方次第で高収入も目指せる◎寮完備（月3万）★月給25万～可,通信インフラの【施工管理アシスタント】★地域創生に携われる！ 正社員,
422,株式会社サンテックス | 大阪府緊急雇用対策に賛同｜業績好調！賞与支給実績平均6ヶ月分,既存のお客様へ親身に対応【ITサポートスタッフ】未経験OK 正社員,
423,税理士法人京都財務サポート | 経営者の相談相手となる仕事！税務・社会保険のエキスパートに,【税理士補助・財務コンサルタント】★未経験歓迎 ★若手募集 正社員,
424,株式会社WILL | 月給28～35万円／月最大10日休み【大阪府緊急雇用対策に賛同】,【総合職（調理／ホール／店長・マネージャー候補）】※未経験OK 正社員,
425,株式会社マツシタホーム | ◆茨城東部地区着工トップクラス ◆独自の仕組みプラン契約率80%,未経験OK！成約率抜群の【住宅営業】※年収1000万円以上も可能 正社員,
426,マルデナポリジャパン株式会社 | 100店舗チャレンジ始動★新ポストもあり未経験者もチャンス十分,《名古屋限定募集》★有名イタリアンの【店長・SV候補】未経験OK 正社員,
427,株式会社シュテルン品川 | MBSC優秀賞を多数受賞／正規販売店でトップクラスの待遇と実績,メルセデス・ベンツの【セールススタッフ】 正社員,
428,株式会社リクルートスタッフィング | リクルートグループ/退職金/年休125日★限定正社員へ登用制度有,スマホ・携帯拡販事業の【プロジェクト管理】★フレックスタイム 契約社員,
429,T・ウェルスマネジメント株式会社 | 完全週休2日制・土日祝休み・年間休日120日以上,不動産物件の【事務・営業アシスタント】未経験歓迎・女性活躍中 正社員,
430,大津中央運送株式会社 | 【70年以上の歴史／大手と取引】＊最新型のトラックを導入＊,配送は1日1～2件！固定ルート中心の【ドライバー】★土日休み 正社員,
431,株式会社イケウチ | 首都圏に多店舗展開の優良企業／上場を視野に成長中！,【技術スタッフ】自動車板金・塗装※未経験・第二新卒歓迎 正社員,
432,株式会社藤縄電機製作所 | |創業105年◇高度な技術力で地域社会の発展を支える技術者集団,【技術系総合職（制御設計・CAD操作）】賞与は7ヶ月分と高収入★ 正社員,
433,平和自動車交通株式会社 | ｜日本交通グループ(12年連続ハイヤー・タクシー部門全国1位),【コンシェルジュドライバー】月30万円1年間保証！／制度充実 正社員,
434,株式会社エーディー | ◎住宅や店舗の比率を同程度こなす、全国でも数少ない設計事務所,世界に一つの設計・デザイン！【住宅・店舗デザイナー】 正社員,
435,株式会社共生 | ミツトヨ（測定機器の国内シェアトップクラス！）のグループ会社,【施設管理スタッフ】 ★年間休日125日・残業は月10時間程度 正社員,
436,株式会社建築資料研究社 | 景気に左右されない！資格系スクール「日建学院」を運営,★立川募集★【ライセンスアドバイザー】◎未経験歓迎！ 正社員,
437,タン・コンサルティング株式会社 | ノルマなし☆出社も不要！「RE/MAX」｜世界トップクラスの不動産,自由な環境で自分らしく活躍できる【営業】年収1000万以上可能！ 業務委託,
438,株式会社ケーアップ | 手積み手おろしなし！残業ほぼ無し/年間休120日以上/大型連休有,高収入も目指せる【運送ドライバー】月収50万円～も可能・歩合有 正社員,
439,株式会社国栄ハウジング | 千葉県市川市に密着した不動産事業を展開,【不動産売買営業】◎業界未経験歓迎★残業月平均10時間以内 正社員,
440,門井不動産株式会社 | ＜創業53年＞★アクセス抜群★未経験から高収入も実現可能！,完全反響型の【営業】★未経験者歓迎★基本残業無しでオフも充実 正社員,
441,ハートランド会計事務所 | 《従業員ファーストの会計事務所》大阪府緊急雇用対策に賛同,若手が活躍中！前職以上の高待遇＆高収入！【税理士・補助】 正社員,
442,株式会社マリーロード | 「玉泉院」「ラシュレディアコート」を運営◆設立35年の安定企業,業界大手で活躍！【セレモニープロデューサー】平均月収40万円～ 正社員,
443,西日本高速道路エンジニアリング中国株式会社 | 【NEXCO西日本グループ】■年収600万円以上可能■UIターン歓迎,【土木技術者(管理・点検・調査設計)】年休120日◎完全週休2日制 正社員,
444,株式会社ベルハウス | 駅徒歩1分の好立地 ★新店舗オープンに伴い積極採用実施中★,【不動産系総合職(営業・用地企画・施工管理)】完休2日★未OK 正社員,
445,クレバーグループカンパニー株式会社 | 【オープニングメンバー募集】★残業＆休日出勤&ノルマなし,＜月収40万円以上＞も可能！【PRスタッフ】※未経験の方大歓迎！ 正社員,
446,株式会社エム・シー・ピー | ★基本定時退社★正当評価で年収1000万円も可能★昇給年4回,★残業なし★最大18連休！メリハリつけて働ける【積算スタッフ】 正社員,
447,株式会社K-KING foods | コロナ禍でも業績好調！2021年には都内に5店舗出店を計画！,話題の焼肉店「牛恋」で活躍！【飲食店スタッフ】◎未経験歓迎！ 正社員,
448,株式会社Ａ．Ｓ．Ｒ | 【平均年齢28歳の成長企業！】土日祝休み／残業ほぼなし♪,あなたの頑張りを100％還元！完全反響型の【リフォーム営業】 正社員,
449,グンマ・オート株式会社 | 《VOLVO正規ディーラー》 熊谷/高崎/伊勢崎にショールームを展開,VOLVO正規ディーラーの【営業スタッフ】◎業界・職種未経験歓迎 正社員,
450,ロビンスジャパン株式会社 | SUUMO 関東 注文住宅・工務店ランキング2016～2020年第1位,【反響営業】ショールームの輸入住宅アドバイザー※未経験歓迎 正社員,
451,株式会社XiT | 《業界を変えるベンチャー企業》―Redesign the last one mile―,今すぐ働けて、月収50万円を当たり前に【デリバリーパートナー】 業務委託,
452,パール工業株式会社 | ≪資格取得支援あり！≫完休2日／20～30代多数活躍中／転勤ナシ,暮らしの当たり前を支える【技術スタッフ】未経験歓迎！ 正社員,
453,株式会社シャインコーポレーション | ★入社祝い金10万円支給★完全人柄重視採用★売上は給与へ還元,【PR営業】未経験×営業でも安定収入をGET可!!20代30代が中心★ 正社員,
454,有限会社剛建工業 | ◎給与は業界高水準◎昇給は随時行います！◎借上社宅制度あり,＼月収30万円スタート可／未経験から始める【設営スタッフ】 正社員,
455,株式会社九州電気保安センター | 【電話問い合わせもOK】土日の完全週休2日で基本残業なし！,希望に合った働き方ができる電気設備の【保守・点検スタッフ】 正社員,
456,リッツハウジング株式会社 | センチュリー21加盟店／10日連続休暇あり／100％反響型の営業,ノルマ・飛び込みなしの【営業】※未経験でも月給30万円スタート 正社員,
457,株式会社建築資料研究社 | 景気に左右されない！資格系スクール「日建学院」を運営,★旭川募集★【ライセンスアドバイザー】◎未経験歓迎！ 正社員,
458,RTO株式会社 | 企業のプロモーション活動を総合的に支援するWeb広告事業を展開,【総合職(Web広告の提案営業/プランナー)】★完全週休2日 正社員,
459,株式会社リイド社 | 『ゴルゴ13』『鬼平犯科帳』などを制作／完全週休2日制(土日祝),電子書籍の【営業企画＆制作進行スタッフ】★残業月30ｈ以下 正社員,
460,ロビンスジャパン株式会社 | SUUMO 関東 注文住宅・工務店ランキング2016～2020年第1位,【リフォームアドバイザー】ショールーム来場等の100％反響営業 正社員,
461,株式会社藤原組 | 100年超の歴史を誇る老舗の総合建設会社　★未経験大歓迎,街のライフラインを再生！【機械操作スタッフ】*月給24万円以上 正社員,
462,株式会社ONE | 髪型・服装自由｜面接交通費支給｜【大阪府緊急雇用対策に賛同】,ノルマがないのに高待遇！【コールスタッフ】未経験OK/土日祝休 正社員,
463,株式会社スカーラサポート | 《面接1回》《社員の9割が月給30万円以上実現》《普通免許でOK》,【レッカーサービススタッフ】◎年齢不問 ◎埼玉・東京募集 正社員,
464,平野カーゴ株式会社 | 平野ロジスティクスグループとして安定経営継続中！未経験者歓迎,【大型トラック・トレーラーのドライバー】月給38万円以上◎ 正社員,
465,株式会社エイトハウジング | 【大阪府緊急雇用対策に賛同】入社4年で年収930万円 の実績も！,9割がインセンGET！月収50万も可能な【営業職】土日祝休み 正社員,
466,有限会社箱崎商店 | 設立53年の安定企業。地域密着で「暖かい暮らし」を支えています,未経験大歓迎！福島に貢献できる【ＬＰガスなどの配送スタッフ】 正社員,
467,株式会社アールエスエス羽田 | 前職や転職回数は不問／応募条件を満たす方は面接保証,月給29万円以上！100%面接保証！【ルート配送ドライバー】 正社員,
468,株式会社フジ・ホーム | 烏丸御池に本社拡大移転／新生フジ・ホームへ生まれ変わりました,未経験でも月給30万円～スタートの【営業】★女性社員活躍中！ 正社員,
469,株式会社マツモト自動車 | 【大阪府緊急雇用対策に賛同】インセンティブ平均月8～9万円,未経験スタートもOK【営業職】年休110日／前職給与を最大限考慮 正社員,
470,株式会社シティ・ハウジング | ☆安心のチーム制&ノルマなし☆賞与年2回☆宅建で収入アップも◎,未経験OK！【ルームアドバイザー】基本定時退社★100％反響型 正社員,
471,ヤマリク株式会社 | 大型免許がある方必見！【★電話問い合わせ大歓迎★】,月収35万～55万円可【トレーラ・大型タンクローリードライバー】 正社員,
472,富国運輸株式会社 | 月給40万円以上も可！無事故手当(月最大7万円)など環境充実！,未経験OK！食品の【タンクローリードライバー】月給40万円～ 正社員,
473,株式会社建築資料研究社 | 景気に左右されない！資格系スクール「日建学院」を運営,★群馬・太田募集★【ライセンスアドバイザー】◎未経験歓迎！ 正社員,
474,株式会社セシル | 【大阪府緊急雇用対策に賛同】新規オープン店舗★積極採用中！,仔犬・仔猫などの人気ペットショップ【店舗スタッフ】未経験歓迎 正社員,
475,株式会社パステル | 【JA葬祭パステル】◆JAレーク滋賀グループの一員です！,【葬祭ディレクター】※年間休日120日／平均月収30～35万円 正社員,
476,株式会社建築資料研究社 | 景気に左右されない！資格系スクール「日建学院」を運営,★熊本募集★【ライセンスアドバイザー】◎未経験歓迎！ 正社員,
477,インフォシー株式会社 | ★グローバルベンチャー企業★年休120日以上★残業は月10h以下♪,【ITエンジニア】前職の給与よりも『増給』を必ず保証します！！ 正社員,
478,株式会社建築資料研究社 | コロナ禍でも強い！資格系スクール「日建学院」を運営,＊佐賀募集＊【総合職(ライセンスアドバイザー/システム営業)】 正社員,
479,株式会社日本ハウスホールディングス | 【東証一部上場】原則転勤なし/完全週休2日制/賞与年2回,新築・リフォームの【提案営業】学歴不問★未経験歓迎★九州募集 正社員,
480,株式会社スタート不動産 | 【スタートハウス】★役員候補を募集 ★利益の20%を給与に還元,不動産の有効活用をご提案！【不動産営業】★年収1500万円可能！ 正社員,
481,永一産商株式会社 | 【愛知県の指定業者】★月給26万円～or月給30万円～選べる,景気に左右されない！地域密着で社会に貢献【 ルート回収 】 正社員,
482,丸伊運輸株式会社 | 杉戸営業所 -老舗企業-資格支援制度・賞与など多数待遇あり◎,【ルート配送】転勤なし◎未経験でも初年度平均年収370万円★ 正社員,
483,株式会社インターコスモス | 頑張りは給与・賞与できっちり還元します！！,★平均年収800万以上！店舗やイベント装飾の【企画営業】 正社員,
484,株式会社マリーロード | 《ラシュレディアコート》週休二日／賞与年2回／男女共に活躍中,喜びと感動がいっぱい【ウエディングプランナー】◎未経験歓迎 正社員,
485,株式会社当直連携基盤 | ★急成長業界の安定企業★やる気次第でマネージャーも目指せる！,在宅医療を支える【受電オペレーター】◎未経験者歓迎◎ 正社員,
486,株式会社白興 | TEL問合せ→048-299-5057◆完全週休2日◆20～40代が幅広く活躍中,普免だけでOKの【ルート配送】 ★未経験でも月給30万円から！★ 正社員,
487,"株式会社サンエム | 《 月給23万円以上スタート 》年収1,000万円も目指せます！",未経験から専門知識も身につく★土地活用・建築に関する【営業】 正社員,
488,株式会社Markus | ＜経験・未経験歓迎＞20代～30代活躍中★年収1000万円も目指せる,100%反響型の【賃貸営業】★残業1日1h以下★面接1回★昇給年4回 正社員,
489,株式会社ティ・マインド | 土日祝休み／有給取得率100％【大阪府緊急雇用対策に賛同】,【営業(人材コーディネーター)】年休130日/月収例50万円:入社2年 正社員,
490,東京海上日動あんしん生命保険株式会社 | 完全週休2日／年休120日以上／育産休あり／20～30代の社員活躍中,未経験から固定月給30万円/賞与年4回！【営業スタッフ】 正社員,
491,株式会社今井自動車教習所 | ☆販売・サービス業出身者など、未経験・中途入社者が多数活躍中,【自動車教習指導員】◎年収400万円以上可！※未経験大歓迎 正社員,
492,株式会社アスト | 抜群の安定感あり＊無借金経営を続けるハウスメーカー,【総合職(戸建住宅の営業)】試用期間中は月給35万円～ 正社員,
493,株式会社ラムラ | 50ブランド130店舗以上を運営／月9日休み,未経験歓迎！業界屈指の働きやすさが魅力の【店舗運営スタッフ】 正社員,
494,合同会社フライングB,【ドライバー 】未経験大歓迎/免許不問/土日祝休み/月収90万可 業務委託,
495,有限会社伊藤自動車 | 77年の地域企業！自動車に関わって安定収入が得られる☆転勤なし,［未経験OK］賞与4回支給で評価を反映【来店対応型営業】週休2日 正社員,
496,鳥羽建設株式会社 | 工事は滋賀県内＆直行直帰OK⇒現場が近く自分時間もたっぷり,平均年収600万円【施工管理アシスタント】※未経験歓迎 正社員,
497,株式会社ダロワイヨジャポン | 【東証一部上場・不二家グループ】★36協定順守★社員食堂あり,＼マカロンが人気／有名洋菓子メーカーの【事務】★業界未経験OK 正社員,
498,クレエ株式会社 | 稼げる環境×自由度の高い職場＝ワンランク上の自分に成長！,★未経験歓迎★不動産の販売【営業】◎高額インセンティブあり 正社員,
499,有限会社フォーエバー | ◎学歴・経験不問◎未経験歓迎◎高収入が目指せる◎安定性抜群,将来的には月収100万円も目指せる環境☆【運営スタッフ】 正社員,
500,株式会社トラストワークス | エンジニアファーストを徹底！経験者が思わず唸る環境があります,【ITエンジニア】月給40万～確約★還元率70%以上★案件選択制★ 正社員,
501,プロスパーライフ株式会社 | 大阪府緊急雇用対策に賛同／新築★自社ビルでキャリアスタート！,年収1000万円可能【総合職（営業／用地仕入れ）】飛込み一切なし 正社員,
502,OMS株式会社 | 土日祝休み＆残業ほぼなしが叶う！☆彡男性社員の育休実績あり！,未経験から、市場に必要とされる人材へ！【メンテナンス点検】 正社員,
503,有限会社アサヒナビ | 経験・学歴不問／社宅住まいもOK／引越・上京費用は全額会社負担,◎研修後→配達なし×11時出社【新聞販売店の店舗マネージャー】 正社員,
504,株式会社フリックス | 9割以上が未経験/面接1回のみ/即日勤務OK/週払い・日払いも可★,【軽車両ドライバー】月収80万円も可/1か月目は日額保証2万3千円 業務委託,
505,株式会社多摩流通 | 《 業績好調の成長企業 》★転勤なし★残業ほぼなし★充実研修,☆対象者全員面接☆未経験スタートで稼げる【配送スタッフ】 正社員,
506,株式会社セルモ | ＜セルモグループ＞冠婚葬祭業界のリーディングカンパニー,あなたの夢が叶う！インセンティブ充実★年収600万円可【営業】 正社員,
507,株式会社ピースカンパニー | <コロナ禍でも安定成長>★時間や配送ルートなども選択できる！,ご希望の働き方を実現！【配送ドライバー】★未経験者歓迎 業務委託,
508,株式会社ニューアート・シーマ | 日本初のブライダルジュエリー専門店／銀座ダイヤモンドシライシ,完全週休2日制＊【ダイヤモンドコンシェルジュ】★残業ほぼなし 正社員,
509,株式会社 GREEN ROOM | 【大阪府緊急雇用対策に賛同】＊新オフィスで活躍＊ノルマなし,【 営業 】★未経験者歓迎 ◎年間休日120日以上 ◎土日祝休み 正社員,
510,HRconsulting株式会社 | ◆完全週休2日(土日祝)◆年休124日◆基本定時退社◆高インセン,アパレル業界と求職者を繋ぐ【人材コーディネーター】★未経験OK 正社員,
511,株式会社ティ・ユー・メタル | 【 業績安定 】” 地元でずっと働く ” が叶う場所。,【 作業スタッフ 】土日休み／平均月収30万円～／20～30代活躍中 正社員,
512,株式会社コトリオ | 業績好調につき追加募集★土日祝休み★年休124日★残業月平均15h,"【人材コーディネーター/営業】未経験から1年で""人材のプロ""に！ 正社員",
513,株式会社ワイズ高橋 | 業界でも珍しい、弊社ならではの買取職にご注目！退職金制度あり,高級輸入車店の【総合職(販売・買取)】★未経験歓迎 正社員,
514,"アークネット株式会社 | 「やる気スイッチ」のスクールIE,英会話スクール「WinBe」を運営",【教室長候補】生徒数増のため増員募集♪5月新校舎OPEN！ 正社員,
515,サムティプロパティマネジメント株式会社 | 【東証一部上場100％出資企業】★大阪府緊急雇用対策に賛同,オーナー対応などの【不動産管理】★月給27万円～/土日休み 正社員,
516,株式会社ファーストライズ | 9年連続で業績UP／コロナ禍でも変わらずニーズがある安定企業★,メディア注目の企業で活躍【営業】※土日祝休み・未経験歓迎！ 正社員,
517,大阪第一交通株式会社 | 上場グループ／年収500万円以上可／大阪府緊急雇用対策に賛同,業界大手！誰もが自分らしく仕事できる【タクシードライバー】 正社員,
518,株式会社沖縄ユーポス | 【 ユーポスグループ 】20代の若手社員が続々と入社しています,原則残業なし★働きやすい環境・高収入が手に入る！【 営業職 】 正社員,
519,株式会社ホンダクリオ南海 | 未経験歓迎／土日休みも可能！【大阪府緊急雇用対策に賛同】,ノルマ設定なし・お客様ファースト【営業】※完全週休2日制！ 正社員,
520,株式会社タイコー | 【広島県を中心に実績を持つ電気工事会社】*転勤なし*20代活躍中,【電気施工管理】日給月給30万円保障★WEB面接OK★前職給与考慮 正社員,
521,日本フォーミング株式会社 | ◆基本土日祝休み◆ほぼ定時退社 ◎未経験大歓迎！,【営業事務】ワークライフバランス重視でプライベートを大切に！ 正社員,
522,有限会社福岡紙業 | 月給40万円以上も目指せる★新築マイホームを買った社員も多数！,★未経験OK★ ルート回収がメイン【ドライバー】※転勤なし！ 正社員,
523,ハウスグッド株式会社 | インセン充実／未経験歓迎／経験者優遇／残業なし,女性活躍中！完全週休2日＆年休125日【用地仕入営業】未経験歓迎 正社員,
524,丸和運送株式会社 | 年商1000億円超の安定企業「児湯食鳥グループ」★平均月収35万円,働きやすさ満載 × 超安定収入【大型ドライバー】時短勤務あり♪ 正社員,
525,アフラック生命保険株式会社 | ◎営業経験や保険の知識は不問！◎ブランド力があり営業しやすい,【営業（個人代理店）】宇都宮支社限定募集 業務委託,
526,グラハムコミュニケーションズ株式会社 | コールセンターを中心に事業を展開,若手多数活躍中！【完全内勤営業】完週休2・残業月20H以内 正社員,
527,東京・日本交通株式会社 | 12年連続売上業界No.1グループ｜大阪府緊急雇用対策に賛同,小さなお客さまの安全を守る【キッズドライバー候補】引越手当有 正社員,
528,株式会社グランド通商 | 電話応募OK→048-940-0650/社宅も相談可/早上がり、土日休取得OK,雑貨・食品配送【4tドライバー】入社祝い金10万円★月給28万円～ 正社員,
529,有限会社Coo＆RIKU | 全国200店舗以上展開中のペット業界大手！,【店長候補】★月給32万円～ ★東北限定募集 正社員,
530,株式会社アネーラ | 完全週休2日／日中業務のみ／転勤なし ★入社祝金制度あり★,コープこうべの【ルート配送】★1年目で月収35万円以上も！ 正社員,
531,リコーテック株式会社 | ＼女性のおしごと掲載中♪／★転勤ナシ★昼食手当・職能手当あり,★年間休日120日以上【営業職】丁寧な研修あり！未経験者も安心 正社員,
532,株式会社エスティーエス | 設立以来6期連続、増収増益！新店のOPEN計画も続々♪,《未経験OK》中古車の【仕入れスタッフ】※マーケティング部配属 正社員,
533,株式会社倉弘通商 | 少数精鋭企業ならではの居心地の良さあり！★群馬勤務★青果輸送,【ドライバー】(4t／大型)★即戦力募集★長期で活躍したい方歓迎 正社員,
534,株式会社エイミー | ☆年休125日／土日祝休／完全週休2日／年収400万円以上可能！,【SE・PG】直請案件多数！ソニー・大手SIer・大阪ガス等！ 正社員,
535,梅田運輸倉庫株式会社 | 設立74年！大手企業とパートナー契約を結ぶ物流業界の老舗企業！,入社祝金15万円・年収500万円以上可【トレーラードライバー】 正社員,
536,株式会社ダイワ | ■創業71年／景気に左右されない事業を展開する安定企業,ニーズ増のリサイクル事業を手掛ける【 技能職 】高水準の待遇◎ 正社員,
537,株式会社リモデルエステート | 転勤なし／全国27支店展開中の安定企業／WEB面接実施中,【賃貸住宅のリフォーム営業】平均月収60万円！未経験歓迎！ 正社員,
538,札幌三信運輸株式会社 | 【磐栄ホールディングス】マイナビ転職から入社した先輩も活躍中,医療品メイン！近距離の【ルートドライバー(ハイエース～4t）】 正社員,
539,特定非営利活動法人J-pal | 完全週休2日制｜残業なし｜賞与年2回（3.5ヶ月分）,やりがいだけじゃない環境と待遇【運営スタッフ】未経験OK 正社員,
540,株式会社タイズ | 高品質×実力主義で高年収！少数精鋭の実力派転職エージェント,特化型の強みを活かした【人材コンサル営業】未経験可・大阪勤務 正社員,
541,有限会社Coo＆RIKU | 全国200店舗以上展開中のペット業界大手！,お客様とペットを繋ぎ幸せをお届け【店長候補】★中四国限定 正社員,
542,株式会社コスモビルマネジメント | やりがい・充実度◎長く安定して働ける環境です！,【施設管理職】年俸300～480万 正社員,
543,株式会社アイプロホールディングス | ◆残業月20h以内/営業中央値年収約713万円/有給消化率85％,《創立30周年》未経験でも3週間でこの笑顔【不動産販売／営業】 正社員,
544,株式会社コンセプト | 競馬関連のプロモーションを担う制作会社 ◎2週間の長期休暇あり,DMや新聞広告の【制作スタッフ】★未経験者も月給30万スタート！ 正社員,
545,東京・日本交通株式会社 | 売上業界No.1 日本交通グループ【大阪府緊急雇用対策に賛同】,休みも稼ぎも安定！若手も多数活躍中の【タクシードライバー】 正社員,
546,想いコーポレーション株式会社,終活【コンシェルジュ】*未経験OK*終業前の退社も可*高収入可能 正社員,
547,株式会社スマートリンク | 大手ハウスメーカーから依頼を受ける安定企業◎未経験大歓迎！,住宅の悩みによりそい、提案する【営業職】未経験歓迎★週休2日 正社員,
548,株式会社地建 | #女性も活躍中 #社用車1人1台貸与（プライベートでの使用もOK）,物件をプロデュース！不動産の【用地仕入れ・営業】★年休120日 正社員,
549,森田重量株式会社 | 電話問合せOK:06-6997-0650/マイナビ転職から入社の先輩も活躍中,月収50万円も可能！【配送ドライバー】※普通免許のみでも応募OK 正社員,
550,フジテクノシステム株式会社 | 《転勤なし！地域密着で働ける》コロナ禍でも安定した業績を維持,若手育成採用！待遇UPも実現できる【空調・電気工事スタッフ】 正社員,
551,株式会社MKJモーゲージ | オープニング募集★1月から新大阪店も営業をSTART致しました！,"新店OPEN▼業界大手""ARUHI""の【提案営業】年収1000万円も可能◎ 正社員",
552,エドガワボデー株式会社 | 「4大トラックメーカー」と安定取引,ニッチなモノづくりを手掛ける【塗装スタッフ】＊月給25万～ 正社員,
553,丸富運輸有限会社 | 免許取得は入社後でOK/社員寮有/ローソン部積極採用/電話問合OK,未経験OK！【配送スタッフ】★日中運行のみ ★希望休が取れる！ 正社員,
554,三菱電機システムサービス株式会社,【サービスエンジニア】業務委託／全国（一部地域を除く） 業務委託,
555,株式会社相馬 | 直行直帰可◎最新の機器を準備してお迎えします！,【現場管理】土日祝休み＊転勤なし＊大手ゼネコンの元請け◎ 正社員,
556,株式会社たいよう足場 | 平均年齢20代！『仕事も、遊びも、真剣に』がモットーの会社,入社3ヵ月月収30万も可★【足場プロフェッショナル】※面接確約 正社員,
557,ＳＫＫ24株式会社 | 家庭用のテレビアンテナ設置業務◆20～30代のスタッフも活躍中！,【営業・設備管理】◆未経験者歓迎◆自由度高い！直行・直帰OK！ 正社員,
558,アフラック生命保険株式会社 | TVCMによる知名度もあなたの仕事の追い風になります♪,【営業職(個人・法人代理店)】自由な働き方で高収入を目指せる！ 業務委託,
559,梅田運輸倉庫株式会社 | 【大阪府緊急雇用対策に賛同】設立74年！物流業界の老舗企業！,週休2日・月収31万円以上も可能な環境で働く【配送ドライバー】 契約社員,
560,サンシンエキスプレス株式会社 | 長野県安曇野市を拠点に、全国各地をつなぐ運送会社,【配送ドライバー】 ◎高収入を実現可能 ☆大型免許取得制度あり 正社員,
561,有限会社晃栄商事 | 【女性社員も活躍中】支配人として活躍するまで、じっくりと研修,レジャーホテルの【支配人候補】※未経験でも月給25万円以上 正社員,
562,代々木自動車株式会社 | ★入社祝金30万円★6ヶ月間は月30万円を保証！,稼げる【タクシードライバー】入社2年目で平均月収40万円到達！ 正社員,
563,"大翔株式会社 | あなたの頑張りはしっかり""給与や賞与""に反映！★月給21～45万円",未経験から高収入を実現できる【一般事務スタッフ】★人柄重視 正社員,
564,株式会社グローバルホーム関西 | 1件あたり40～60万！高インセンティブで稼げる！◇完全週休2日制,チームで取り組む【不動産売買営業】未経験歓迎★年間休日135日 正社員,
565,株式会社ケイズホーム | 《WEB集客が好調◎神戸・明石密着の優良企業》★安定収入を実現,問い合わせ対応のみ！【反響営業】★男女問わず20～40代が活躍中 正社員,
566,ミナミ電工株式会社 | ★家族を大切に！毎年9日間以上の連休休暇など制度を充実中！,【総合職（工事管理／電気工事士／設備設計）】※月給24万円以上 正社員,
567,新日本リース株式会社 | 新日本グループの安定性あり◆腰を据えて長期に活躍できる,ゆくゆくは月収40万円～も現実的【フォークリフトオペレーター】 正社員,
568,阪神センコー運輸株式会社 | ★安定基盤が自慢★東証一部上場企業『センコー』のグループ会社,【物流系総合職（ドライバー・運行管理・倉庫管理）】 正社員,
569,株式会社ピュアクオリティ | 独立志向の方は歓迎！起業に必要な材料がここにあります！,【コンサルティング営業】求めるのはやる気だけ！意欲重視採用！ 正社員,
570,"株式会社コスモホーム | 地域密着で転勤無し！未経験でも""やる気""と""元気な対応""で収入UP",完全週休2日！高収入もやる気次第★【完全反響営業】※未経験OK 正社員,
571,株式会社アイアール | おしゃれな銀座で働こう♪ やりがいと将来性抜群の環境です,国策事業の【事務】キャリアアップが叶う職場／★高待遇★土日休 正社員,
572,岩崎エアーテック株式会社 | 水と空気を浄化する機械の販売商社 / 月収100万円も可能！,★30代～50代活躍中【法人営業】インセンで高収入を目指せる！ 正社員,
573,株式会社電究社 | 【 高待遇 】経験が10年以上ある方は月給35万円スタートも可能,半期のボーナスで100万円以上を手にする社員も!【電気施工管理】 正社員,
574,有限会社Coo＆RIKU | 全国200店舗以上展開中のペット業界大手！,大手ペットショップの【店長候補】★首都圏エリア募集 正社員,
575,株式会社サツマプラント | 大手取引多数！業績安定／決算賞与有/大阪府緊急雇用対策に賛同,【メンテナンススタッフ】未経験からでも25万円以上！ 正社員,
576,株式会社エス | ★宮城県を中心に東北で活躍する配送企業 ★安定安心の経営基盤,運転好きな方にイチオシ！【配送ドライバー】★手当充実で高収入 正社員,
577,大阪運輸株式会社 | #大阪府緊急雇用対策に賛同 #1ヶ月目から月収30万円以上が可能,新拠点OPEN！国内の重要拠点で働けるチャンス！【倉庫スタッフ】 正社員,
578,丸和運送株式会社 | ”ありがとうのこころをあなたに” でおなじみ児湯食鳥グループ,☆★大阪募集★☆【ドライバー】4ｔトラック／セミ・トレーラー 正社員,
579,司法書士法人アプローチ | 事務・アシスタント経験歓迎！Excel/Wordの基本操作ができればOK,初心者OK！司法書士事務所の【事務・士業補助】*丸の内駅徒歩1分 正社員,
580,株式会社リーガル | VIP対応メイン！普段なかなかできない貴重な経験ができる仕事！,【役員付アテンダー（秘書・運転）】※月給40～70万円スタート 正社員,
581,株式会社サンキョウテクノスタッフ | 日本を代表する上場企業と取引！安定した経営基盤が強み,安定企業で活躍【 製造管理スタッフ 】完全週休2日★未経験歓迎 正社員,
582,井本刃物株式会社 | 創業約100年｜自衛隊や東京消防庁、警察署でも当社製品を採用！,未経験歓迎！人気上昇中のDIYツールを手掛ける【製造スタッフ】 正社員,
583,有限会社エフクラス | <全国から応募歓迎>未経験OK/完全週休2日/残業少なめ/ノルマなし,アウトドア好きの心をくすぐる軽トラック等を提案！【反響営業】 正社員,
584,菱建商事株式会社 | 株式会社ピーエス三菱（東証1部上場）グループ ★年間休日127日,【施工管理】★年俸600万～750万円 ★残業1h以内 ★有給消化OK 正社員,
585,株式会社中野産業 | 安定の働き方で定着抜群！／月収70万円以上のドライバーも活躍中,日帰り案件のみ！最新鋭のトラックに乗れる【大型ドライバー】 正社員,
586,TAOCC株式会社 | 企業向けに不動産ビジネスを展開する成長企業！★完全土日休み,≪最大限前給考慮≫ 法人用不動産の【仲介営業】★テレワークOK 正社員,
587,株式会社日立物流中部 | 日立物流100％出資・東証一部上場グループ／転勤なし／桑名勤務,全員面接【倉庫内作業管理】月収28万円～可/賞与年2回/週休2日 正社員,
588,有限会社リーライダーす | TV番組・動画制作会社◆20年以上テレビ業界を支えてきた安定企業,【TV番組のディレクター】YouTubeの動画編集も◎月給30万円以上 正社員,
589,有限会社扶桑物流 | ＜ 扶桑グループ ＞★すべての営業所にて積極採用中！,安心して働ける【路線便ドライバー(大型)】★免許取得制度あり 正社員,
590,ケイエイツー株式会社 | WEB面接OK／引越代負担あり☆女性活躍中／働き方も応相談,成長性バツグン！【設計】好待遇を実現／月給30万円以上～♪ 正社員,
591,株式会社栃木ケイテクノ | 【東証一部上場の関電工グループ】栃木県トップクラスの実績,【総合職(電気施工管理・電気工事士)】転勤なし／前職給与考慮！ 正社員,
592,株式会社クリエーション | 最新設備が整う広々とした快適環境★入社1年10万円給与UPも可能,【メカニック】★原則定時退社／前職給与考慮／引越補助あり 正社員,
593,くにうみＡＩ証券株式会社 | ★くにうみアセットマネジメントグループ,【海外ファンド営業】完全週休2日制（土日祝） 正社員,
594,ＬＸ　ＰＡＮＴＯＳ　ＪＡＰＡＮ株式会社 | （旧社名：パントスジャパン株式会社）≪LXグループ≫,物流業界経験を活かせる！国際物流の【法人営業】※土日祝休み 正社員,
595,積水ハウスノイエ株式会社 | ★賞与年2回（平均6.44ヵ月分）＋決算賞与／残業月平均30h程度★,待遇もキャリアもワンランク上へ【新築住宅の営業】※経験者募集 正社員,
596,株式会社中村流通 | 《 週払いOK 》1日1000円だけで、即社宅に入居できる！,お金はここにあります。取りにきてください。【 ドライバー 】 正社員,
597,株式会社ファーストライフ | ニーズが高まる不動産・医療分野で事業を展開！福岡の注目企業◎,《経験者募集》理想の未来をカタチに！【不動産営業】◎学歴不問 正社員,
598,株式会社ヨリソイ | クロノスホーム｜鹿児島で新築戸建て・注文住宅の事業を展開！,未経験者歓迎！【住宅営業スタッフ】鹿児島or薩摩川内店勤務 正社員,
599,スリーエムホーム高知株式会社 | 東証一部上場のLIXILグループが手掛ける『アイフルホーム』FC店,アイフルホームの【反響営業】◎完全週休2日制◎月給25万円以上 正社員,
600,株式会社鳳陽社 | 日本の優れた商品を海外に輸出する貿易商社,商品の調達を行う【商社営業】◎土日祝休み ☆月給30万円～ 正社員,
601,株式会社ヨリソイ | クロノスホーム｜鹿児島で新築戸建て・注文住宅の事業を展開！,経験者募集【住宅営業(店長・幹部候補)】鹿児島or薩摩川内店勤務 正社員,
602,株式会社バンブーフィールド | 8～12日の長期休暇あり／完全週休2日／残業少なめ,【不動産仕入れ営業】圧倒的な仕入れ易さで年収2000万円も実現可 正社員,
603,ＬＸ　ＰＡＮＴＯＳ　ＪＡＰＡＮ株式会社 | （旧社名：パントスジャパン株式会社）≪LXグループ≫ 転勤なし,韓国語スキルを活かせる！国際物流の【法人営業】※土日祝休み 正社員,
604,LX PANTOS JAPAN株式会社 | （旧社名：パントスジャパン株式会社）≪LXグループ≫,大手外資企業でキャリアアップ！【倉庫管理スタッフ】★未経験OK 正社員,
605,株式会社セントグランデW | ◆年間休日120日◆残業月10時間程度◆有休は2時間単位で取得可,【不動産仲介営業】成果に見合った報酬★反響営業が中心 正社員,
606,株式会社リクルート北関東マーケティング | （RKM）【リクルートグループ】　★20～30代活躍中★年休145日,「ホットペッパー」の【企画営業】★未経験者OK※転勤あり 正社員,
607,株式会社総合資格 | 知名度抜群【建設・不動産関連の資格学校】賞与実績4.8ヶ月分,平均年収894万円！早期キャリアUPも可能【提案営業】※関西限定 正社員,
608,税理士法人日本橋総合会計 | ワークライフバランス◎の環境で男女とも長く活躍｜高収入も実現,【税務会計スタッフ】完全週休２日／残業ほぼなし｜前職給与保証 正社員,
609,株式会社リクルート北関東マーケティング | （RKM）【リクルートグループ】　★20～30代活躍中★,「カーセンサー」の【企画営業】 ★年休145日＊エリア外転勤なし 正社員,
610,株式会社リクルート北関東マーケティング | （RKM）【リクルートグループ】　★20～30代活躍中★,「カーセンサー」の【企画営業】 ★年休145日＊エリア外転勤あり 正社員,
611,株式会社総合資格 | 知名度抜群【建設・不動産関連の資格学校】賞与実績4.8ヶ月分,平均年収894万円！早期キャリアUPも可【提案営業】※中四国限定 正社員,
612,新東総業株式会社 | 「健康経営優良法人」に認定！抜群の基盤と手厚い制度あり,〈新事業〉再生可能エネルギーの【電気施工管理】◎抜群の安定性 正社員,
613,株式会社アジア技術コンサルタンツ | ほとんどが公共事業で安定感抜群！資格手当・管理職手当が充実！,★未経験歓迎！20～40代まで幅広く活躍中！【測量設計】 正社員,
614,株式会社オーム電機 | 60年超の歴史ありで業績も絶好調＊グローバルに事業を展開中！,月給30万/年休120日/完休2日★海外からの【家電用品のバイヤー】 正社員,
615,ひかりハウジング株式会社 | 【東農地区トップクラスのハウスメーカー】◆インセンティブ豊富,完全自由設計の【住宅営業】★経験者歓迎　★店長候補 正社員,
616,株式会社小田原ハウジング | 医師が認める”0宣言”の健康住宅／福利厚生◎の安心企業！,家族との時間が作れる【建築施工管理STAFF】連休も高収入もGET。 正社員,
617,株式会社丸松ササキ工業 | ★旭川に根付いて30年 ★マイナビ転職からの採用実績有！,★未経験者が半数以上！ ★月給25万円～【土木作業員】 正社員,
618,株式会社丸松ササキ工業 | ★旭川に根付いて30年 ★マイナビ転職からの採用実績有！,★普通免許があれば挑戦OK！ ★月給30万円～【土木技術者】 正社員,
619,東建コーポレーション株式会社 | ■エリア勤務でも高収入！■上場企業で安心の将来を,月給26.3万円スタート【 営業 】大阪募集＊未経験歓迎＊年齢不問 正社員,
620,東建コーポレーション株式会社 | ■エリア勤務でも高収入！■上場企業で安心の将来を,月給26.3万円スタート【 営業 】静岡募集＊未経験歓迎＊年齢不問 正社員,
621,アイ・インターナショナル株式会社 | 投資物件専門の不動産会社　★年収3000万円も充分可能,【不動産営業】☆完全リモートワーク ☆利益の8割があなたの収入 業務委託,
622,東建コーポレーション株式会社 | ■エリア勤務でも高収入！■上場企業で安心の将来を,月給26.3万円スタート【 営業 】千葉募集＊未経験歓迎＊年齢不問 正社員,
623,東建コーポレーション株式会社 | ■エリア勤務でも高収入！■上場企業で安心の将来を,月給26.3万円スタート【 営業 】広島募集＊未経験歓迎＊年齢不問 正社員,
624,東建コーポレーション株式会社 | ■エリア勤務でも高収入！■上場企業で安心の将来を,月給26.3万円スタート【 営業 】京都募集＊未経験歓迎＊年齢不問 正社員,
625,東建コーポレーション株式会社 | ■エリア勤務でも高収入！■上場企業で安心の将来を,月給26.3万円スタート【 営業 】群馬募集＊未経験歓迎＊年齢不問 正社員,
626,東建コーポレーション株式会社 | ■エリア勤務でも高収入！■上場企業で安心の将来を,月給26.3万円スタート【営業】神奈川募集＊未経験歓迎＊年齢不問 正社員,
627,東建コーポレーション株式会社 | ■エリア勤務でも高収入！■上場企業で安心の将来を,月給26.3万円スタート【 営業 】愛知募集＊未経験歓迎＊年齢不問 正社員,
628,東建コーポレーション株式会社 | ■エリア勤務でも高収入！■上場企業で安心の将来を,月給26.3万円スタート【 営業 】岐阜募集＊未経験歓迎＊年齢不問 正社員,
629,東建コーポレーション株式会社 | ■エリア勤務でも高収入！■上場企業で安心の将来を,月給26.3万円スタート【 営業 】兵庫募集＊未経験歓迎＊年齢不問 正社員,
630,東建コーポレーション株式会社 | ■エリア勤務でも高収入！■上場企業で安心の将来を,月給26.3万円スタート【 営業 】奈良募集＊未経験歓迎＊年齢不問 正社員,
631,東建コーポレーション株式会社 | ■エリア勤務でも高収入！■上場企業で安心の将来を,月給26.3万円スタート【 営業 】長野募集＊未経験歓迎＊年齢不問 正社員,
632,東建コーポレーション株式会社 | ■エリア勤務でも高収入！■上場企業で安心の将来を,月給26.3万円スタート【 営業 】茨城募集＊未経験歓迎＊年齢不問 正社員,
633,東建コーポレーション株式会社 | ■エリア勤務でも高収入！■上場企業で安心の将来を,月給26.3万円スタート【 営業 】福岡募集＊未経験歓迎＊年齢不問 正社員,
634,東建コーポレーション株式会社 | ■エリア勤務でも高収入！■上場企業で安心の将来を,月給26.3万円スタート【 営業 】埼玉募集＊未経験歓迎＊年齢不問 正社員,
635,株式会社ア・ビュー | 〈 対象者全員面接 〉少しでも興味あれば応募してください♪,★第二新卒の歓迎募集★【介護スタッフ】★北陸エリア限定募集 正社員,
636,株式会社バーンフュージョン | 未経験入社の先輩が数多く活躍中｜国家資格取得費用もサポート♪,正社員登用制度有！半導体ウェーハの【品質管理】年間休日180日 契約社員,
637,株式会社ウンノハウス | ＼ 賞与年4回！／ GW・夏季・年末年始は5～8日休み！,住宅関連の工事経験を活かす！【アフターメンテナンス】 正社員,
638,株式会社ウンノハウス | 慣れ親しんだ場所で働きたいetc...Uターン歓迎!引越代サポート,業績賞与年4回【広告宣伝アシスタント】未経験から活躍できる！ 正社員,
639,株式会社ウンノハウス | 平均年収600万円以上／研修・勉強会などスキルUPできる環境豊富,"安定企業で""オンリーワン""の住まいづくり【住宅設計】 正社員",
640,株式会社ウンノハウス | ☆完全週休2日制☆【研修・勉強会などスキルUPできる環境豊富】,分業制なので業務に集中できる！【インテリアコーディネーター】 正社員,
641,株式会社ウンノハウス | 平均年収600万円以上／研修・勉強会などスキルUPできる環境豊富,"オンリーワン""の住まいづくり【住宅施工管理】 正社員",
642,株式会社ウンノハウス | 慣れ親しんだ場所で働きたいetc...Uターン歓迎!引越代サポート,業績賞与年4回！ワークライフバランスを実現☆【反響営業】 正社員,
643,有限会社アイデジタル | ◎34歳で年収694万円の実績あり！月8日休み(土日OK)/残業ほぼ0,【販売スタッフ】未経験で高収入を目指せる◆男女問わず活躍中★ 正社員,
644,信陽機材リース販売株式会社 | 東証1部上場・株式会社ワキタのグループ企業,未経験でも月給23万円以上でスタート【技術スタッフ】年休116日 正社員,
645,株式会社プリペアド | 個別指導学院ヒーローズ｜コロナ禍でも生徒数増！2校で100名在籍,未経験の挑戦も歓迎【 教室運営スタッフ 】★教室長候補 正社員,
646,株式会社中央建設コンサルタント | 《 創業58年の安定・老舗企業 》賞与年3回/長期連続休暇あり,沖縄に根差して年収700万円も目指せる！【 技術士 】転勤なし 正社員,
